id,acc,pre,rec,f1s,iou
0,0.930973,0.965066,0.876984,0.918919,0.850000
1,0.917771,0.836207,0.902326,0.868009,0.766798
2,0.967320,1.000000,0.934641,0.966216,0.934641
3,0.976378,0.920000,1.000000,0.958333,0.920000
4,0.988071,0.996283,0.978102,0.987109,0.974545
5,1.000000,1.000000,1.000000,1.000000,1.000000
6,0.915105,0.900763,0.880597,0.890566,0.802721
7,0.960525,0.935115,0.953307,0.944123,0.894161
8,0.970652,0.923077,1.000000,0.960000,0.923077
9,0.942404,0.929825,0.913793,0.921739,0.854839
10,0.950000,0.875676,1.000000,0.933718,0.875676
11,0.885998,0.875000,0.836957,0.855556,0.747573
12,0.939012,0.969349,0.893993,0.930147,0.869416
13,0.977082,0.964744,0.977273,0.970968,0.943574
14,0.945765,0.934783,0.918803,0.926724,0.863454
15,0.986957,0.964286,1.000000,0.981818,0.964286
16,0.901989,0.891738,0.891738,0.891738,0.804627
17,0.947245,0.958015,0.916058,0.936567,0.880702
18,0.765756,0.749104,0.678571,0.712095,0.552910
19,0.931330,0.865801,0.917431,0.890869,0.803213
20,0.947566,0.816993,1.000000,0.899281,0.816993
21,0.937476,0.948837,0.894737,0.920993,0.853556
22,0.915727,0.853933,0.904762,0.878613,0.783505
23,0.957386,0.952381,0.937500,0.944882,0.895522
24,0.816467,0.804124,0.821053,0.812500,0.684211
25,0.984230,0.935115,1.000000,0.966469,0.935115
26,0.844595,0.875486,0.755034,0.810811,0.681818
27,0.985669,0.966790,0.988679,0.977612,0.956204
28,0.787769,0.622857,0.828897,0.711256,0.551899
29,0.901577,0.884444,0.850427,0.867102,0.765385
30,0.979757,1.000000,0.959514,0.979339,0.959514
31,0.907174,0.876000,0.872510,0.874251,0.776596
32,0.942901,1.000000,0.885802,0.939444,0.885802
33,0.905669,0.935606,0.845890,0.888489,0.799353
34,0.975442,0.916667,1.000000,0.956522,0.916667
35,0.896463,0.916667,0.837370,0.875226,0.778135
36,0.994186,1.000000,0.988372,0.994152,0.988372
37,0.971600,0.944251,0.974820,0.959292,0.921769
38,0.892473,0.909091,0.833333,0.869565,0.769231
39,0.918728,1.000000,0.837456,0.911538,0.837456
40,0.931973,0.980916,0.874150,0.924460,0.859532
41,0.987179,1.000000,0.974359,0.987013,0.974359
42,0.968735,0.995984,0.939394,0.966862,0.935849
43,0.893669,0.867925,0.821429,0.844037,0.730159
44,0.748524,0.726667,0.674923,0.699839,0.538272
45,0.947774,0.989899,0.899083,0.942308,0.890909
46,0.988189,0.958333,1.000000,0.978723,0.958333
47,0.904941,0.876812,0.876812,0.876812,0.780645
48,0.911810,0.810606,0.914530,0.859438,0.753521
49,0.935587,0.832090,0.952991,0.888446,0.799283
50,0.914024,0.900000,0.875486,0.887574,0.797872
51,0.948649,1.000000,0.897297,0.945869,0.897297
52,0.934879,0.848718,1.000000,0.918169,0.848718
53,0.823649,0.591111,0.796407,0.678571,0.513514
54,0.988212,0.958188,1.000000,0.978648,0.958188
55,0.906002,0.929167,0.844697,0.884921,0.793594
56,0.900735,0.902128,0.844622,0.872428,0.773723
57,0.979722,0.978339,0.971326,0.974820,0.950877
58,0.883101,0.862500,0.828000,0.844898,0.731449
59,0.933675,0.876316,0.973684,0.922438,0.856041
60,0.991379,1.000000,0.982759,0.991304,0.982759
61,0.918583,0.908108,0.865979,0.886544,0.796209
62,0.955826,0.931034,0.958065,0.944356,0.894578
63,0.870833,0.753623,0.866667,0.806202,0.675325
64,0.947477,0.851852,0.958333,0.901961,0.821429
65,0.932072,0.916058,0.909420,0.912727,0.839465
66,1.000000,1.000000,1.000000,1.000000,1.000000
67,0.977049,1.000000,0.954098,0.976510,0.954098
68,0.896897,0.870690,0.848739,0.859574,0.753731
69,0.896470,0.810127,0.872727,0.840263,0.724528
70,0.988333,1.000000,0.976667,0.988196,0.976667
71,0.963769,0.954198,0.950570,0.952381,0.909091
72,0.912996,0.836237,0.916031,0.874317,0.776699
73,0.927165,0.918269,0.884259,0.900943,0.819742
74,0.502367,0.227273,0.031847,0.055866,0.028736
75,0.960000,1.000000,0.920000,0.958333,0.920000
76,0.939693,0.972299,0.904639,0.937250,0.881910
77,0.957143,0.958333,0.938776,0.948454,0.901961
78,0.966957,0.936709,0.961039,0.948718,0.902439
79,0.929563,0.936330,0.892857,0.914077,0.841751
80,0.963455,0.975000,0.948649,0.961644,0.926121
81,0.828571,0.835878,0.744898,0.787770,0.649852
82,0.927905,0.969231,0.871972,0.918033,0.848485
83,0.956751,0.954545,0.936803,0.945591,0.896797
84,0.973874,0.973988,0.968391,0.971182,0.943978
85,0.978906,0.995816,0.959677,0.977413,0.955823
86,0.952019,0.975069,0.926316,0.950067,0.904884
87,0.930171,0.910256,0.898734,0.904459,0.825581
88,0.952855,0.976000,0.917293,0.945736,0.897059
89,0.948463,0.921569,0.946309,0.933775,0.875776
90,0.814487,0.802703,0.804878,0.803789,0.671946
91,0.947882,0.923077,0.939502,0.931217,0.871287
92,0.929688,0.952381,0.892857,0.921659,0.854701
93,0.949443,0.934066,0.918919,0.926431,0.862944
94,0.963861,0.975676,0.950000,0.962667,0.928021
95,0.977395,0.958188,0.978648,0.968310,0.938567
96,0.921835,0.878049,0.886700,0.882353,0.789474
97,0.988722,0.954545,1.000000,0.976744,0.954545
98,0.968045,1.000000,0.936090,0.966990,0.936090
99,0.924290,0.877395,0.908730,0.892788,0.806338
100,0.960885,0.966463,0.946269,0.956259,0.916185
101,0.968319,0.954338,0.954338,0.954338,0.912664
102,0.940668,0.890909,0.938697,0.914179,0.841924
103,0.900632,0.863636,0.870229,0.866920,0.765101
104,0.994297,0.977273,1.000000,0.988506,0.977273
105,0.626474,0.702703,0.314516,0.434540,0.277580
106,0.972670,0.982222,0.952586,0.967177,0.936441
107,0.871391,0.833333,0.833333,0.833333,0.714286
108,0.963887,0.945869,0.970760,0.958153,0.919668
109,0.968619,1.000000,0.937238,0.967603,0.937238
110,0.885151,0.847645,0.894737,0.870555,0.770781
111,0.945295,0.951923,0.908257,0.929577,0.868421
112,0.945689,0.928251,0.920000,0.924107,0.858921
113,0.866926,0.893333,0.804805,0.846761,0.734247
114,0.900735,0.871429,0.902367,0.886628,0.796345
115,0.954253,0.982558,0.913514,0.946779,0.898936
116,0.372796,0.101266,0.115385,0.107865,0.057007
117,0.932415,0.863095,0.960265,0.909091,0.833333
118,0.941778,0.850000,0.978417,0.909699,0.834356
119,0.951916,0.974638,0.918089,0.945518,0.896667
120,0.859526,0.877778,0.787375,0.830123,0.709581
121,0.826548,0.748000,0.769547,0.758621,0.611111
122,0.950930,0.904762,0.946058,0.924949,0.860377
123,0.792473,0.717391,0.772575,0.743961,0.592308
124,0.968918,0.982456,0.945148,0.963441,0.929461
125,0.818468,0.761610,0.798701,0.779715,0.638961
126,0.943214,0.897872,0.929515,0.913420,0.840637
127,0.987179,1.000000,0.974359,0.987013,0.974359
128,0.773571,0.833333,0.661157,0.737327,0.583942
129,0.954639,0.916667,0.956522,0.936170,0.880000
130,0.973930,0.905882,0.991416,0.946721,0.898833
131,0.928147,0.958333,0.878472,0.916667,0.846154
132,0.918291,0.972222,0.850694,0.907407,0.830508
133,0.954174,0.843750,0.991837,0.911820,0.837931
134,0.919318,0.976959,0.848000,0.907923,0.831373
135,0.750725,0.583333,0.696833,0.635052,0.465257
136,0.927385,0.947214,0.897222,0.921541,0.854497
137,0.982987,0.934066,1.000000,0.965909,0.934066
138,0.870921,0.911504,0.780303,0.840816,0.725352
139,0.868300,0.652299,0.957806,0.776068,0.634078
140,0.994024,0.979167,1.000000,0.989474,0.979167
141,0.980009,0.966418,0.977358,0.971857,0.945255
142,0.882679,0.843049,0.828194,0.835556,0.717557
143,0.964286,1.000000,0.928571,0.962963,0.928571
144,0.975219,0.973684,0.970845,0.972263,0.946023
145,0.929280,0.888889,0.916031,0.902256,0.821918
146,0.938709,0.950000,0.925641,0.937662,0.882641
147,0.945696,0.890351,0.935484,0.912360,0.838843
148,0.671656,0.569801,0.657895,0.610687,0.439560
149,0.938469,0.813008,0.956938,0.879121,0.784314
150,0.945167,0.848249,0.960352,0.900826,0.819549
151,0.537315,0.388889,0.325581,0.354430,0.215385
152,0.857143,0.851852,0.821429,0.836364,0.718750
153,0.963855,0.892720,0.978992,0.933868,0.875940
154,0.930201,0.900000,0.921502,0.910624,0.835913
155,0.914814,0.836565,0.955696,0.892171,0.805333
156,0.944530,0.832669,0.963134,0.893162,0.806950
157,0.637531,0.474453,0.391566,0.429043,0.273109
158,0.987850,0.950382,1.000000,0.974560,0.950382
159,0.771413,0.769231,0.597826,0.672783,0.506912
160,0.971963,1.000000,0.943925,0.971154,0.943925
161,0.837625,0.804487,0.804487,0.804487,0.672922
162,0.898275,0.832727,0.884170,0.857678,0.750820
163,0.944328,0.924303,0.924303,0.924303,0.859259
164,0.972561,1.000000,0.945122,0.971787,0.945122
165,0.964324,0.935115,0.960784,0.947776,0.900735
166,0.960830,0.976744,0.933333,0.954545,0.913043
167,0.877758,0.856369,0.880223,0.868132,0.766990
168,0.902408,0.934783,0.833333,0.881148,0.787546
169,0.971329,0.934783,0.977273,0.955556,0.914894
170,0.994163,0.978261,1.000000,0.989011,0.978261
171,0.965240,0.947368,0.974359,0.960674,0.924324
172,1.000000,1.000000,1.000000,1.000000,1.000000
173,0.924750,0.923077,0.925450,0.924262,0.859189
174,0.884008,0.809365,0.880000,0.843206,0.728916
175,0.950850,0.958333,0.915423,0.936387,0.880383
176,0.990706,1.000000,0.981413,0.990619,0.981413
177,0.965254,0.973529,0.951149,0.962209,0.927171
178,0.952489,1.000000,0.904977,0.950119,0.904977
179,0.666667,0.559028,0.583333,0.570922,0.399504
180,0.826211,0.935345,0.684543,0.790528,0.653614
181,0.949592,0.987552,0.904943,0.944444,0.894737
182,0.595238,0.950000,0.193878,0.322034,0.191919
183,0.956446,1.000000,0.912892,0.954463,0.912892
184,0.976923,0.916667,1.000000,0.956522,0.916667
185,0.962007,0.952703,0.952703,0.952703,0.909677
186,0.952991,1.000000,0.905983,0.950673,0.905983
187,0.777620,0.633333,0.845890,0.724340,0.567816
188,0.880952,0.861111,0.843537,0.852234,0.742515
189,0.912788,0.909091,0.872727,0.890538,0.802676
190,0.964912,0.952381,0.952381,0.952381,0.909091
191,0.989735,0.995238,0.981221,0.988180,0.976636
192,0.846682,0.750000,0.830769,0.788321,0.650602
193,0.966771,0.957447,0.957447,0.957447,0.918367
194,0.695443,0.697917,0.587719,0.638095,0.468531
195,0.988964,0.937500,1.000000,0.967742,0.937500
196,0.840726,0.928571,0.728291,0.816327,0.689655
197,0.976364,1.000000,0.952727,0.975791,0.952727
198,0.951725,0.963768,0.923611,0.943262,0.892617
199,0.963593,0.952727,0.952727,0.952727,0.909722
200,0.862810,0.869565,0.800000,0.833333,0.714286
201,0.912257,0.654867,0.948718,0.774869,0.632479
202,0.897319,0.888889,0.848485,0.868217,0.767123
203,0.947756,0.956522,0.916667,0.936170,0.880000
204,0.939401,0.912698,0.920000,0.916335,0.845588
205,0.749041,0.548476,0.801619,0.651316,0.482927
206,0.959917,0.934211,0.946667,0.940397,0.887500
207,1.000000,1.000000,1.000000,1.000000,1.000000
208,0.984388,0.951724,0.996390,0.973545,0.948454
209,0.909670,0.922747,0.853175,0.886598,0.796296
210,0.961781,0.865942,0.991701,0.924565,0.859712
211,0.961521,0.931818,0.957198,0.944338,0.894545
212,0.963917,0.973607,0.948571,0.960926,0.924791
213,0.946094,0.855372,0.953917,0.901961,0.821429
214,0.669762,0.551852,0.570881,0.561205,0.390052
215,0.611476,0.417266,0.513274,0.460317,0.298969
216,0.618676,0.558405,0.583333,0.570597,0.399185
217,0.964010,1.000000,0.928021,0.962667,0.928021
218,0.703125,0.575893,0.575893,0.575893,0.404389
219,0.882482,0.822917,0.864964,0.843416,0.729231
220,0.959865,0.916335,0.958333,0.936864,0.881226
221,0.539683,1.000000,0.079365,0.147059,0.079365
222,0.947943,0.943128,0.917051,0.929907,0.868996
223,0.893826,0.867133,0.864111,0.865620,0.763077
224,0.964623,0.923077,1.000000,0.960000,0.923077
225,0.982771,0.956989,0.988889,0.972678,0.946809
226,0.976308,0.976401,0.970674,0.973529,0.948424
227,0.617630,0.350515,0.435897,0.388571,0.241135
228,0.888405,0.789062,0.874459,0.829569,0.708772
229,0.957016,0.945833,0.938017,0.941909,0.890196
230,0.976887,0.975000,0.975000,0.975000,0.951220
231,0.908009,0.913043,0.858736,0.885057,0.793814
232,0.960266,0.965300,0.944444,0.954758,0.913433
233,0.826479,0.674556,0.740260,0.705882,0.545455
234,0.966792,0.960000,0.952381,0.956175,0.916031
235,0.966698,0.972678,0.941799,0.956989,0.917526
236,0.932803,0.942492,0.904908,0.923318,0.857558
237,0.964828,0.944444,0.955823,0.950100,0.904943
238,0.962101,0.954545,0.947368,0.950943,0.906475
239,0.951587,0.942982,0.926724,0.934783,0.877551
240,0.620868,0.545455,0.500000,0.521739,0.352941
241,0.796696,0.760181,0.691358,0.724138,0.567568
242,0.738049,0.565957,0.651961,0.605923,0.434641
243,0.885396,0.857143,0.923077,0.888889,0.800000
244,0.902890,0.911111,0.854167,0.881720,0.788462
245,0.927315,0.916667,0.900356,0.908438,0.832237
246,0.926263,0.912281,0.888889,0.900433,0.818898
247,0.990842,1.000000,0.981685,0.990758,0.981685
248,1.000000,1.000000,1.000000,1.000000,1.000000
249,0.988017,0.967262,1.000000,0.983359,0.967262
250,0.968463,0.983471,0.944444,0.963563,0.929688
251,0.978947,0.899160,1.000000,0.946903,0.899160
252,0.792355,0.754054,0.794872,0.773925,0.631222
253,0.953604,0.944444,0.950000,0.947214,0.899721
254,0.944036,0.937500,0.924658,0.931034,0.870968
255,0.960691,0.945148,0.945148,0.945148,0.896000
256,0.891403,0.820408,0.862661,0.841004,0.725632
257,0.962546,0.975610,0.947368,0.961282,0.925450
258,0.946011,0.908730,0.934694,0.921529,0.854478
259,0.973575,0.956522,0.970588,0.963504,0.929577
260,0.506536,1.000000,0.013072,0.025806,0.013072
261,0.948980,1.000000,0.897959,0.946237,0.897959
262,0.903261,0.910714,0.831522,0.869318,0.768844
263,0.958333,1.000000,0.916667,0.956522,0.916667
264,0.854227,0.656667,0.891403,0.756238,0.608025
265,0.894610,0.919831,0.825758,0.870259,0.770318
266,0.920290,1.000000,0.840580,0.913386,0.840580
267,0.868368,0.806630,0.890244,0.846377,0.733668
268,0.930847,0.897436,0.905172,0.901288,0.820312
269,0.945918,0.988764,0.897959,0.941176,0.888889
270,0.918206,0.918919,0.897361,0.908012,0.831522
271,0.970796,0.869048,1.000000,0.929936,0.869048
272,0.969153,0.911263,0.988889,0.948490,0.902027
273,0.937753,0.961905,0.889868,0.924485,0.859574
274,0.948459,0.983402,0.904580,0.942346,0.890977
275,0.952860,0.917379,0.969880,0.942899,0.891967
276,0.933650,0.895317,0.953079,0.923295,0.857520
277,0.500652,0.250000,0.006135,0.011976,0.006024
278,0.953057,0.928571,0.939759,0.934132,0.876404
279,0.913585,0.944262,0.864865,0.902821,0.822857
280,0.962585,0.919872,0.976190,0.947195,0.899687
281,0.842262,0.866667,0.773810,0.817610,0.691489
282,0.937898,1.000000,0.875796,0.933786,0.875796
283,0.832605,0.788194,0.788194,0.788194,0.650430
284,0.966477,0.995918,0.934866,0.964427,0.931298
285,0.928764,0.948276,0.880000,0.912863,0.839695
286,0.934281,0.952862,0.898413,0.924837,0.860182
287,0.973978,1.000000,0.947955,0.973282,0.947955
288,0.886694,0.781818,0.855721,0.817102,0.690763
289,0.944837,0.911538,0.933071,0.922179,0.855596
290,0.979799,0.957854,0.980392,0.968992,0.939850
291,0.978333,1.000000,0.956667,0.977853,0.956667
292,0.976744,1.000000,0.953488,0.976190,0.953488
293,0.945244,0.920139,0.936396,0.928196,0.866013
294,0.962080,0.924686,0.956710,0.940426,0.887550
295,0.930042,0.888325,0.897436,0.892857,0.806452
296,0.611814,0.541958,0.500000,0.520134,0.351474
297,0.924591,0.892638,0.923810,0.907956,0.831429
298,0.976850,0.981413,0.963504,0.972376,0.946237
299,0.968212,0.956522,0.960000,0.958258,0.919861
300,0.928687,0.654902,1.000000,0.791469,0.654902
301,0.959064,1.000000,0.918129,0.957317,0.918129
302,0.988782,1.000000,0.977564,0.988655,0.977564
303,0.722102,0.661111,0.714715,0.686869,0.523077
304,0.874272,0.804487,0.871528,0.836667,0.719198
305,0.973464,1.000000,0.946927,0.972740,0.946927
306,0.974000,0.975610,0.962199,0.968858,0.939597
307,0.895049,0.924812,0.831081,0.875445,0.778481
308,0.863691,0.932773,0.740000,0.825279,0.702532
309,0.975806,0.923077,1.000000,0.960000,0.923077
310,0.931085,1.000000,0.862170,0.925984,0.862170
311,0.975564,0.906475,1.000000,0.950943,0.906475
312,0.936118,0.895833,0.931408,0.913274,0.840391
313,0.641538,0.576667,0.552716,0.564437,0.393182
314,0.924098,0.979757,0.858156,0.914934,0.843206
315,0.877650,0.842262,0.870769,0.856278,0.748677
316,0.895411,0.752212,0.885417,0.813397,0.685484
317,0.943478,1.000000,0.886957,0.940092,0.886957
318,0.913700,0.927757,0.865248,0.895413,0.810631
319,0.961184,0.900000,0.962791,0.930337,0.869748
320,0.965706,0.888889,0.992248,0.937729,0.882759
321,0.897900,0.976027,0.811966,0.886470,0.796089
322,0.881683,0.863071,0.825397,0.843813,0.729825
323,0.967985,0.881533,1.000000,0.937037,0.881533
324,0.893200,0.850694,0.871886,0.861160,0.756173
325,0.877738,0.829365,0.836000,0.832669,0.713311
326,0.717848,0.645946,0.724242,0.682857,0.518438
327,0.910579,0.911392,0.860558,0.885246,0.794118
328,0.921273,0.916667,0.880000,0.897959,0.814815
329,0.612723,0.567308,0.526786,0.546296,0.375796
330,0.904780,0.784091,0.911894,0.843177,0.728873
331,0.947693,0.835341,0.967442,0.896552,0.812500
332,0.937496,0.844575,0.982935,0.908517,0.832370
333,0.935772,0.895455,0.912037,0.903670,0.824268
334,0.899573,1.000000,0.799145,0.888361,0.799145
335,0.962840,0.993197,0.929936,0.960526,0.924051
336,0.940781,0.937255,0.912214,0.924565,0.859712
337,0.949546,0.917808,0.946996,0.932174,0.872964
338,0.905359,0.578475,0.955556,0.720670,0.563319
339,0.870387,0.827381,0.866044,0.846271,0.733509
340,0.929962,0.917647,0.900000,0.908738,0.832740
341,0.973214,1.000000,0.946429,0.972477,0.946429
342,0.958704,0.942177,0.951890,0.947009,0.899351
343,0.935471,0.946602,0.890411,0.917647,0.847826
344,0.813938,0.760870,0.790323,0.775316,0.633075
345,0.994382,1.000000,0.988764,0.994350,0.988764
346,0.965000,1.000000,0.930000,0.963731,0.930000
347,0.928912,0.920415,0.904762,0.912521,0.839117
348,0.961291,0.938406,0.955720,0.946984,0.899306
349,0.982633,0.976190,0.979522,0.977853,0.956667
350,0.927997,0.877358,0.936242,0.905844,0.827893
351,0.956294,0.809160,1.000000,0.894515,0.809160
352,0.946679,0.961832,0.913043,0.936803,0.881119
353,0.985915,0.953488,1.000000,0.976190,0.953488
354,0.820266,0.736111,0.788104,0.761221,0.614493
355,0.976949,0.941704,0.976744,0.958904,0.921053
356,0.925261,0.930233,0.885609,0.907372,0.830450
357,0.638550,0.485477,0.502146,0.493671,0.327731
358,0.984578,0.978166,0.978166,0.978166,0.957265
359,0.955200,0.916667,0.954717,0.935305,0.878472
360,0.770249,0.655303,0.709016,0.681102,0.516418
361,0.931741,1.000000,0.863481,0.926740,0.863481
362,0.886259,0.631179,0.932584,0.752834,0.603636
363,0.894690,0.849359,0.886288,0.867430,0.765896
364,0.750000,0.744361,0.642857,0.689895,0.526596
365,0.971698,1.000000,0.943396,0.970874,0.943396
366,0.962660,0.944598,0.971510,0.957865,0.919137
367,0.949167,0.958333,0.923077,0.940375,0.887460
368,0.950154,0.924638,0.957958,0.941003,0.888579
369,0.939635,0.937500,0.919355,0.928339,0.866261
370,0.964873,0.951220,0.972299,0.961644,0.926121
371,0.929533,0.948718,0.902439,0.925000,0.860465
372,0.949041,0.852000,0.963801,0.904459,0.825581
373,0.918123,0.943020,0.885027,0.913103,0.840102
374,0.835908,0.866097,0.789610,0.826087,0.703704
375,0.737537,0.711009,0.794872,0.750605,0.600775
376,0.889981,0.791971,0.885714,0.836224,0.718543
377,0.967599,0.947761,0.962121,0.954887,0.913669
378,0.935869,0.969231,0.894886,0.930576,0.870166
379,0.889212,0.833333,0.872727,0.852575,0.743034
380,0.877937,0.879518,0.814126,0.845560,0.732441
381,0.950353,0.901288,0.941704,0.921053,0.853659
382,0.960594,0.946903,0.942731,0.944812,0.895397
383,0.964696,0.952778,0.968927,0.960784,0.924528
384,0.969367,0.961538,0.957854,0.959693,0.922509
385,0.913332,0.882192,0.925287,0.903226,0.823529
386,0.901258,0.915254,0.840467,0.876268,0.779783
387,0.943676,0.877863,0.946502,0.910891,0.836364
388,0.921578,0.769231,0.947867,0.849257,0.738007
389,0.962588,0.972973,0.949868,0.961282,0.925450
390,0.975806,0.923077,1.000000,0.960000,0.923077
391,0.749749,0.526471,0.788546,0.631393,0.461340
392,0.956276,0.918552,0.944186,0.931193,0.871245
393,0.758288,0.649789,0.666667,0.658120,0.490446
394,0.947059,1.000000,0.894118,0.944099,0.894118
395,0.876983,0.865546,0.814229,0.839104,0.722807
396,0.937625,0.958333,0.897163,0.926740,0.863481
397,0.933559,0.852130,1.000000,0.920162,0.852130
398,0.975904,1.000000,0.951807,0.975309,0.951807
399,0.947486,0.888393,0.938679,0.912844,0.839662
400,0.979753,0.898058,0.994624,0.943878,0.893720
401,0.948246,0.946023,0.940678,0.943343,0.892761
402,0.967628,0.950867,0.973373,0.961988,0.926761
403,0.913137,0.912727,0.874564,0.893238,0.807074
404,0.526945,0.329114,0.142077,0.198473,0.110169
405,0.894751,0.748718,0.869048,0.804408,0.672811
406,0.949833,1.000000,0.899666,0.947183,0.899666
407,0.951146,0.972973,0.923077,0.947368,0.900000
408,0.955559,0.881423,0.965368,0.921488,0.854406
409,0.920113,0.960000,0.857143,0.905660,0.827586
410,0.760634,0.732899,0.698758,0.715421,0.556931
411,0.933712,0.982456,0.875000,0.925620,0.861538
412,0.989362,0.975676,1.000000,0.987688,0.975676
413,0.691792,0.641667,0.675439,0.658120,0.490446
414,0.960649,0.963211,0.944262,0.953642,0.911392
415,0.948437,0.960000,0.916031,0.937500,0.882353
416,0.922342,0.824903,0.925764,0.872428,0.773723
417,0.971274,0.902222,0.980676,0.939815,0.886463
418,1.000000,1.000000,1.000000,1.000000,1.000000
419,0.977885,0.919861,1.000000,0.958258,0.919861
420,0.954106,0.906863,1.000000,0.951157,0.906863
421,0.931489,0.849003,0.973856,0.907154,0.830084
422,0.966346,0.882943,1.000000,0.937833,0.882943
423,0.949856,0.903333,0.957597,0.929674,0.868590
424,0.979167,1.000000,0.958333,0.978723,0.958333
425,0.892780,0.926036,0.845946,0.884181,0.792405
426,0.983535,0.979167,0.979167,0.979167,0.959184
427,0.937448,0.956522,0.896296,0.925430,0.861210
428,0.967362,0.947917,0.964664,0.956217,0.916107
429,0.866583,0.826923,0.845902,0.836305,0.718663
430,0.987903,0.960000,1.000000,0.979592,0.960000
431,0.970648,0.909091,1.000000,0.952381,0.909091
432,0.982162,0.935065,0.990826,0.962138,0.927039
433,0.812004,0.876289,0.669291,0.758929,0.611511
434,0.977273,1.000000,0.954545,0.976744,0.954545
435,0.916331,0.923077,0.875000,0.898396,0.815534
436,0.977541,0.950000,1.000000,0.974359,0.950000
437,0.968169,0.956667,0.963087,0.959866,0.922830
438,0.961678,0.922747,0.955556,0.938865,0.884774
439,0.960636,0.868726,0.982533,0.922131,0.855513
440,0.858592,0.884259,0.764000,0.819742,0.694545
441,0.956317,0.992481,0.916667,0.953069,0.910345
442,0.840319,0.736434,0.899054,0.809659,0.680191
443,0.994297,0.977273,1.000000,0.988506,0.977273
444,0.964191,0.962121,0.947761,0.954887,0.913669
445,0.806678,0.806202,0.714777,0.757741,0.609971
446,0.947641,0.854610,0.971774,0.909434,0.833910
447,0.962673,0.944444,0.971429,0.957746,0.918919
448,0.940546,0.926573,0.923345,0.924956,0.860390
449,0.905694,1.000000,0.811388,0.895874,0.811388
450,0.880225,0.803333,0.876364,0.838261,0.721557
451,0.941463,0.904025,0.948052,0.925515,0.861357
452,0.973469,0.974729,0.960854,0.967742,0.937500
453,0.947925,0.977099,0.907801,0.941176,0.888889
454,0.951477,0.975232,0.921053,0.947368,0.900000
455,0.789941,0.681081,0.826230,0.746667,0.595745
456,0.929226,0.973856,0.876471,0.922601,0.856322
457,0.953243,0.898955,0.962687,0.929730,0.868687
458,0.951488,0.963333,0.926282,0.944444,0.894737
459,0.949942,0.923636,0.940741,0.932110,0.872852
460,0.912184,0.890756,0.872428,0.881497,0.788104
461,0.969319,0.954198,0.961538,0.957854,0.919118
462,0.916752,0.916667,0.876812,0.896296,0.812081
463,0.946394,0.954545,0.916364,0.935065,0.878049
464,0.914924,0.905303,0.878676,0.891791,0.804714
465,0.942301,0.933333,0.914286,0.923711,0.858238
466,0.950810,0.882353,0.946602,0.913349,0.840517
467,0.854908,0.808271,0.808271,0.808271,0.678233
468,0.948967,0.888446,0.948936,0.917695,0.847909
469,0.925403,0.841667,0.918182,0.878261,0.782946
470,0.872313,0.916667,0.775934,0.840449,0.724806
471,0.959428,0.923664,0.956522,0.939806,0.886447
472,0.966667,0.904762,1.000000,0.950000,0.904762
473,0.950775,0.956140,0.919831,0.937634,0.882591
474,0.957295,1.000000,0.914591,0.955390,0.914591
475,0.988016,0.991803,0.979757,0.985743,0.971888
476,0.961474,0.902542,0.963801,0.932166,0.872951
477,0.754961,0.747922,0.729730,0.738714,0.585683
478,0.937500,1.000000,0.875000,0.933333,0.875000
479,0.814699,0.631579,0.936170,0.754286,0.605505
480,0.847515,0.750000,0.783920,0.766585,0.621514
481,0.966281,0.883333,1.000000,0.938053,0.883333
482,0.880824,0.844358,0.837838,0.841085,0.725753
483,0.846098,0.773684,0.882883,0.824684,0.701671
484,0.968085,1.000000,0.936170,0.967033,0.936170
485,0.913971,0.961373,0.845283,0.899598,0.817518
486,0.975184,0.992063,0.954198,0.972763,0.946970
487,0.940306,0.948617,0.905660,0.926641,0.863309
488,0.952830,0.900000,1.000000,0.947368,0.900000
489,0.968590,0.958333,0.958333,0.958333,0.920000
490,0.933015,0.881356,0.916300,0.898488,0.815686
491,0.905836,0.919492,0.847656,0.882114,0.789091
492,0.943610,0.967262,0.912921,0.939306,0.885559
493,0.975701,0.905455,1.000000,0.950382,0.905455
494,0.942380,0.862205,0.948052,0.903093,0.823308
495,0.955157,0.916364,0.954545,0.935065,0.878049
496,0.963765,0.911504,0.962617,0.936364,0.880342
497,0.797809,0.791892,0.783422,0.787634,0.649667
498,0.988971,0.952381,1.000000,0.975610,0.952381
499,0.991150,1.000000,0.982301,0.991071,0.982301
500,0.878815,0.903226,0.836957,0.868829,0.768080
501,0.965330,0.924242,0.968254,0.945736,0.897059
502,0.855237,0.832500,0.876316,0.853846,0.744966
503,0.766584,0.759542,0.663333,0.708185,0.548209
504,0.964072,0.935943,0.963370,0.949458,0.903780
505,0.937442,0.916667,0.923077,0.919861,0.851613
506,0.953488,0.928571,0.928571,0.928571,0.866667
507,0.943081,0.912088,0.932584,0.922222,0.855670
508,0.972822,0.880184,0.989637,0.931707,0.872146
509,0.910723,0.926230,0.856061,0.889764,0.801418
510,0.978682,0.964516,0.980328,0.972358,0.946203
511,0.796546,0.792308,0.703072,0.745027,0.593660
512,0.964845,0.942857,0.967427,0.954984,0.913846
513,0.949405,1.000000,0.898810,0.946708,0.898810
514,0.906828,0.977679,0.823308,0.893878,0.808118
515,0.962756,0.860627,1.000000,0.925094,0.860627
516,0.977099,1.000000,0.954198,0.976562,0.954198
517,0.869048,0.822222,0.880952,0.850575,0.740000
518,0.967249,1.000000,0.934498,0.966140,0.934498
519,0.483677,0.000000,0.000000,0.000000,0.000000
520,0.991031,0.976879,1.000000,0.988304,0.976879
521,0.561251,0.370370,0.363636,0.366972,0.224719
522,0.953127,0.945833,0.930328,0.938017,0.883268
523,0.988484,0.956364,1.000000,0.977695,0.956364
524,0.842273,0.880952,0.783069,0.829132,0.708134
525,0.979167,1.000000,0.958333,0.978723,0.958333
526,0.837439,0.759615,0.825784,0.791319,0.654696
527,0.984991,0.940075,1.000000,0.969112,0.940075
528,0.988959,1.000000,0.977918,0.988836,0.977918
529,0.984023,0.936803,1.000000,0.967370,0.936803
530,0.919976,0.881188,0.881188,0.881188,0.787611
531,0.937427,0.949868,0.923077,0.936281,0.880196
532,0.858728,0.606164,0.912371,0.728395,0.572816
533,0.702797,0.670455,0.586093,0.625442,0.455013
534,0.957564,0.921502,0.960854,0.940767,0.888158
535,0.956751,0.954545,0.936803,0.945591,0.896797
536,0.981902,0.937956,0.996124,0.966165,0.934545
537,0.928546,0.941634,0.886447,0.913208,0.840278
538,0.948333,1.000000,0.896667,0.945518,0.896667
539,0.977551,0.960000,0.979592,0.969697,0.941176
540,0.972727,0.886364,1.000000,0.939759,0.886364
541,0.939668,0.970833,0.892720,0.930140,0.869403
542,0.976149,0.946429,0.981481,0.963636,0.929825
543,0.912302,0.894928,0.882143,0.888489,0.799353
544,0.901422,0.955882,0.819328,0.882353,0.789474
545,1.000000,1.000000,1.000000,1.000000,1.000000
546,0.966891,0.912821,0.962162,0.936842,0.881188
547,0.979167,1.000000,0.958333,0.978723,0.958333
548,0.972841,0.980916,0.955390,0.967985,0.937956
549,0.958333,1.000000,0.916667,0.956522,0.916667
550,0.963449,0.972892,0.947214,0.959881,0.922857
551,0.954973,0.920000,0.958333,0.938776,0.884615
552,0.956891,0.920635,0.950820,0.935484,0.878788
553,0.961342,0.955782,0.949324,0.952542,0.909385
554,0.951026,0.972763,0.915751,0.943396,0.892857
555,0.917028,0.829582,0.938182,0.880546,0.786585
556,0.988971,0.952381,1.000000,0.975610,0.952381
557,0.922701,0.876923,0.886010,0.881443,0.788018
558,0.886748,0.877863,0.836364,0.856611,0.749186
559,0.956751,0.954545,0.936803,0.945591,0.896797
560,0.947552,0.943775,0.921569,0.932540,0.873606
561,0.955042,0.886179,0.960352,0.921776,0.854902
562,0.884291,0.875000,0.842809,0.858603,0.752239
563,0.941267,0.934524,0.931751,0.933135,0.874652
564,0.984012,1.000000,0.968023,0.983752,0.968023
565,0.954639,0.916667,0.956522,0.936170,0.880000
566,0.919077,0.910364,0.912921,0.911641,0.837629
567,0.954292,0.871429,0.976000,0.920755,0.853147
568,0.581111,0.500000,0.190000,0.275362,0.159664
569,0.960100,0.905983,0.959276,0.931868,0.872428
570,0.839929,0.829060,0.819718,0.824363,0.701205
571,0.848109,0.842657,0.790164,0.815567,0.688571
572,0.954983,0.847751,0.991903,0.914179,0.841924
573,0.934051,0.930769,0.902985,0.916667,0.846154
574,0.925064,0.859848,0.919028,0.888454,0.799296
575,0.928571,1.000000,0.857143,0.923077,0.857143
576,0.922568,0.970492,0.865497,0.914992,0.843305
577,0.681167,0.562264,0.582031,0.571977,0.400538
578,0.912347,0.773810,0.924171,0.842333,0.727612
579,0.817249,0.743590,0.743590,0.743590,0.591837
580,0.962690,0.896947,0.975104,0.934394,0.876866
581,1.000000,1.000000,1.000000,1.000000,1.000000
582,0.934718,0.943320,0.896154,0.919132,0.850365
583,0.959890,0.860215,0.991736,0.921305,0.854093
584,0.963355,0.861004,0.991111,0.921488,0.854406
585,0.976787,0.974359,0.974359,0.974359,0.950000
586,0.941552,0.851528,0.942029,0.894495,0.809129
587,0.909938,0.934783,0.857143,0.894281,0.808777
588,0.904908,1.000000,0.809816,0.894915,0.809816
589,0.908652,0.845361,0.867725,0.856397,0.748858
590,0.941880,0.936000,0.914062,0.924901,0.860294
591,0.914821,0.855769,0.881188,0.868293,0.767241
592,0.678108,0.562500,0.551020,0.556701,0.385714
593,0.811020,0.727273,0.815789,0.768992,0.624685
594,0.979331,0.929293,1.000000,0.963351,0.929293
595,0.786586,0.690972,0.745318,0.717117,0.558989
596,0.904829,0.965157,0.831832,0.893548,0.807580
597,0.973644,0.951557,0.975177,0.963222,0.929054
598,0.977911,0.977011,0.974212,0.975610,0.952381
599,0.943039,0.921053,0.945946,0.933333,0.875000
600,0.951572,0.933333,0.923077,0.928177,0.865979
601,0.828949,0.768657,0.777358,0.772983,0.629969
602,0.974185,1.000000,0.948370,0.973501,0.948370
603,0.939001,0.926531,0.911647,0.919028,0.850187
604,0.877079,0.891738,0.845946,0.868239,0.767157
605,0.655235,0.522321,0.504310,0.513158,0.345133
606,0.943761,0.951389,0.916388,0.933560,0.875399
607,0.965570,0.944444,0.977011,0.960452,0.923913
608,0.859638,0.796020,0.909091,0.848806,0.737327
609,0.895480,0.928571,0.833333,0.878378,0.783133
610,0.965661,0.963563,0.948207,0.955823,0.915385
611,0.935233,0.809160,0.959276,0.877847,0.782288
612,0.879101,0.861345,0.820000,0.840164,0.724382
613,0.914880,0.913043,0.878049,0.895204,0.810289
614,0.988971,0.952381,1.000000,0.975610,0.952381
615,0.551424,0.351351,0.178082,0.236364,0.134021
616,0.989837,1.000000,0.979675,0.989733,0.979675
617,0.957549,0.938356,0.951389,0.944828,0.895425
618,0.962469,0.975000,0.942598,0.958525,0.920354
619,0.943456,0.911628,0.920188,0.915888,0.844828
620,0.978887,0.954545,0.980545,0.967370,0.936803
621,0.986842,1.000000,0.973684,0.986667,0.973684
622,0.880351,0.904762,0.808511,0.853933,0.745098
623,0.956189,0.896552,0.979452,0.936170,0.880000
624,0.924549,0.892308,0.923567,0.907668,0.830946
625,0.965590,0.940299,0.961832,0.950943,0.906475
626,0.899239,0.858369,0.858369,0.858369,0.751880
627,0.967318,0.959707,0.956204,0.957952,0.919298
628,0.988479,0.972222,1.000000,0.985915,0.972222
629,0.932073,0.893004,0.911765,0.902287,0.821970
630,0.960606,1.000000,0.921212,0.958991,0.921212
631,0.949767,0.946779,0.944134,0.945455,0.896552
632,0.703496,0.605263,0.450980,0.516854,0.348485
633,0.936404,0.930612,0.904762,0.917505,0.847584
634,0.948754,0.898305,0.956679,0.926573,0.863192
635,0.503145,1.000000,0.006289,0.012500,0.006289
636,0.665465,0.846154,0.351064,0.496241,0.330000
637,0.849918,0.773756,0.788018,0.780822,0.640449
638,0.721640,0.666667,0.702703,0.684211,0.520000
639,0.963691,0.948649,0.972299,0.960328,0.923684
640,0.920774,0.799320,0.951417,0.868762,0.767974
641,0.850645,0.851852,0.760331,0.803493,0.671533
642,0.905769,0.875000,0.875000,0.875000,0.777778
643,0.946498,0.923780,0.946875,0.935185,0.878261
644,0.968169,0.956667,0.963087,0.959866,0.922830
645,0.988117,0.948000,1.000000,0.973306,0.948000
646,0.976190,0.978261,0.964286,0.971223,0.944056
647,0.963049,0.938182,0.959108,0.948529,0.902098
648,0.976959,0.945946,1.000000,0.972222,0.945946
649,0.975723,0.948617,0.975610,0.961924,0.926641
650,0.971066,0.921922,0.996753,0.957878,0.919162
651,0.985525,0.972727,0.981651,0.977169,0.955357
652,0.878630,0.892157,0.829787,0.859843,0.754144
653,0.876417,0.785953,0.876866,0.828924,0.707831
654,0.978700,0.946779,1.000000,0.972662,0.946779
655,0.958306,0.824219,0.995283,0.901709,0.821012
656,0.970059,0.983264,0.947581,0.965092,0.932540
657,0.824824,0.739726,0.750000,0.744828,0.593407
658,0.876341,0.868966,0.831683,0.849916,0.739003
659,0.990354,1.000000,0.980707,0.990260,0.980707
660,0.868848,0.869806,0.850949,0.860274,0.754808
661,0.910549,0.883817,0.872951,0.878351,0.783088
662,0.719109,0.593156,0.636735,0.614173,0.443182
663,0.949047,0.896226,0.935961,0.915663,0.844444
664,0.865990,0.804714,0.847518,0.825561,0.702941
665,0.913175,0.986111,0.832031,0.902542,0.822394
666,0.930803,0.970037,0.877966,0.921708,0.854785
667,0.982524,0.937282,1.000000,0.967626,0.937282
668,0.902786,0.808642,0.929078,0.864686,0.761628
669,0.885918,0.826316,0.920821,0.871012,0.771499
670,0.730687,0.715100,0.697222,0.706048,0.545652
671,0.975155,1.000000,0.950311,0.974522,0.950311
672,0.648383,0.588571,0.616766,0.602339,0.430962
673,0.816614,0.811429,0.788889,0.800000,0.666667
674,0.762247,0.650602,0.683544,0.666667,0.500000
675,0.794786,0.938596,0.601124,0.732877,0.578378
676,0.989583,1.000000,0.979167,0.989474,0.979167
677,0.875904,0.848485,0.829630,0.838951,0.722581
678,0.912873,0.895833,0.886598,0.891192,0.803738
679,0.978147,0.894515,1.000000,0.944321,0.894515
680,0.935970,0.899628,0.923664,0.911488,0.837370
681,0.953535,0.942029,0.938628,0.940325,0.887372
682,0.861620,0.875000,0.800000,0.835821,0.717949
683,0.781615,0.729730,0.789474,0.758427,0.610860
684,0.925052,0.916667,0.892989,0.904673,0.825939
685,0.895012,0.794007,0.890756,0.839604,0.723549
686,0.951950,0.975000,0.926121,0.949932,0.904639
687,0.974409,0.972973,0.972973,0.972973,0.947368
688,0.961950,0.968661,0.949721,0.959097,0.921409
689,0.723049,0.737500,0.646575,0.689051,0.525612
690,0.982711,0.996269,0.967391,0.981618,0.963899
691,1.000000,1.000000,1.000000,1.000000,1.000000
692,0.908492,0.872222,0.920821,0.895863,0.811370
693,0.930944,0.968254,0.877698,0.920755,0.853147
694,0.942647,0.923529,0.942943,0.933135,0.874652
695,0.988333,1.000000,0.976667,0.988196,0.976667
696,0.813222,0.833333,0.731707,0.779221,0.638298
697,0.987903,0.960000,1.000000,0.979592,0.960000
698,0.978577,0.951613,0.979253,0.965235,0.932806
699,0.932787,0.976654,0.877622,0.924494,0.859589
700,0.956924,0.928571,0.947368,0.937876,0.883019
701,0.936374,0.871287,0.916667,0.893401,0.807339
702,0.775817,0.675824,0.650794,0.663073,0.495968
703,0.938579,0.975000,0.900000,0.936000,0.879699
704,0.896594,0.913495,0.846154,0.878536,0.783383
705,0.945467,0.897507,0.972973,0.933718,0.875676
706,0.977410,0.958333,0.978723,0.968421,0.938776
707,0.977041,0.940887,0.974490,0.957393,0.918269
708,0.975865,0.971014,0.967509,0.969259,0.940351
709,0.826940,0.834921,0.771261,0.801829,0.669211
710,0.901488,0.945833,0.828467,0.883268,0.790941
711,0.903235,0.915408,0.870690,0.892489,0.805851
712,0.861331,0.875346,0.833773,0.854054,0.745283
713,0.885529,0.832000,0.848980,0.840404,0.724739
714,0.903678,0.902724,0.856089,0.878788,0.783784
715,0.861663,0.866667,0.764706,0.812500,0.684211
716,0.949161,0.980159,0.908088,0.942748,0.891697
717,0.962057,0.809322,1.000000,0.894614,0.809322
718,0.930780,0.851852,0.958333,0.901961,0.821429
719,0.914475,0.870871,0.920635,0.895062,0.810056
720,0.869416,0.822917,0.840426,0.831579,0.711712
721,0.972248,0.934028,0.981752,0.957295,0.918089
722,0.967991,0.919444,1.000000,0.958032,0.919444
723,0.793106,0.770000,0.733333,0.751220,0.601562
724,0.945490,0.881633,0.943231,0.911392,0.837209
725,0.975442,0.916667,1.000000,0.956522,0.916667
726,0.508287,0.500000,0.023121,0.044199,0.022599
727,0.922471,0.883895,0.904215,0.893939,0.808219
728,0.931758,0.976190,0.875445,0.923077,0.857143
729,0.814657,0.785714,0.718367,0.750533,0.600683
730,0.946433,0.875000,0.961832,0.916364,0.845638
731,0.926376,0.848837,0.924051,0.884848,0.793478
732,0.944579,0.953488,0.907080,0.929705,0.868644
733,0.986486,1.000000,0.972973,0.986301,0.972973
734,0.666308,0.428152,0.675926,0.524237,0.355231
735,0.964887,0.869388,0.986111,0.924078,0.858871
736,0.921906,0.983607,0.849057,0.911392,0.837209
737,0.921436,0.967320,0.865497,0.913580,0.840909
738,0.880040,0.815534,0.875000,0.844221,0.730435
739,0.864321,0.822660,0.791469,0.806763,0.676113
740,0.936581,0.950000,0.893162,0.920705,0.853061
741,0.975862,1.000000,0.951724,0.975265,0.951724
742,0.987898,0.995434,0.977578,0.986425,0.973214
743,0.948898,0.903846,0.921569,0.912621,0.839286
744,0.978364,0.981061,0.966418,0.973684,0.948718
745,0.977541,0.950000,1.000000,0.974359,0.950000
746,0.960937,0.924198,0.978395,0.950525,0.905714
747,0.805780,0.685714,0.833333,0.752351,0.603015
748,0.973102,0.962810,0.962810,0.962810,0.928287
749,0.798466,0.979899,0.605590,0.748560,0.598160
750,0.894726,0.951111,0.810606,0.875256,0.778182
751,0.906250,0.730337,0.937500,0.821053,0.696429
752,0.962187,0.966667,0.939271,0.952772,0.909804
753,0.913919,0.934615,0.861702,0.896679,0.812709
754,0.890151,0.899123,0.823293,0.859539,0.753676
755,0.977757,0.957198,0.976190,0.966601,0.935361
756,0.762170,0.666667,0.711111,0.688172,0.524590
757,0.953387,0.911032,0.955224,0.932605,0.873720
758,0.947629,0.973373,0.916435,0.944046,0.894022
759,0.902787,0.996047,0.807692,0.892035,0.805112
760,0.986486,1.000000,0.972973,0.986301,0.972973
761,0.817494,0.876712,0.719101,0.790123,0.653061
762,0.915933,0.948485,0.871866,0.908563,0.832447
763,0.952165,0.876812,0.968000,0.920152,0.852113
764,0.793186,0.789298,0.723926,0.755200,0.606684
765,0.930510,0.888889,0.933333,0.910569,0.835821
766,0.956157,0.949074,0.931818,0.940367,0.887446
767,0.965035,0.922078,1.000000,0.959459,0.922078
768,0.495223,0.000000,0.000000,0.000000,0.000000
769,0.966398,0.959184,0.951417,0.955285,0.914397
770,0.969185,0.900641,1.000000,0.947723,0.900641
771,0.991474,0.982456,0.992908,0.987654,0.975610
772,0.823989,0.666667,0.882353,0.759494,0.612245
773,0.927572,0.890244,0.904959,0.897541,0.814126
774,0.988095,0.966967,1.000000,0.983206,0.966967
775,0.671242,0.507634,0.575758,0.539554,0.369444
776,0.902496,0.929448,0.858357,0.892489,0.805851
777,0.965465,1.000000,0.930931,0.964230,0.930931
778,0.955623,0.919861,0.956522,0.937833,0.882943
779,0.942876,0.884615,0.958333,0.920000,0.851852
780,0.961207,1.000000,0.922414,0.959641,0.922414
781,0.935305,0.944444,0.918919,0.931507,0.871795
782,0.868209,0.876812,0.806667,0.840278,0.724551
783,0.855207,0.822464,0.807829,0.815081,0.687879
784,0.989344,0.930481,1.000000,0.963989,0.930481
785,0.940214,0.952663,0.917379,0.934688,0.877384
786,0.944369,0.975694,0.903537,0.938230,0.883648
787,0.957965,0.897297,1.000000,0.945869,0.897297
788,0.900191,0.894737,0.850000,0.871795,0.772727
789,0.974287,0.917266,0.992218,0.953271,0.910714
790,0.963715,0.949367,0.949367,0.949367,0.903614
791,0.863831,0.820144,0.826087,0.823105,0.699387
792,0.933444,0.884375,0.943333,0.912903,0.839763
793,0.535543,0.823529,0.076087,0.139303,0.074866
794,0.938979,0.927536,0.917563,0.922523,0.856187
795,0.931155,0.941704,0.886076,0.913043,0.840000
796,0.983649,0.914414,1.000000,0.955294,0.914414
797,0.957407,0.919861,0.960000,0.939502,0.885906
798,0.966926,1.000000,0.933852,0.965795,0.933852
799,0.958823,0.961538,0.943396,0.952381,0.909091
800,0.768712,0.727273,0.680851,0.703297,0.542373
801,0.818790,0.994505,0.639576,0.778495,0.637324
802,0.954994,0.954545,0.933333,0.943820,0.893617
803,0.968078,0.961672,0.958333,0.960000,0.923077
804,0.980174,0.973856,0.977049,0.975450,0.952077
805,0.917664,0.875000,0.906475,0.890459,0.802548
806,0.968487,0.958065,0.964286,0.961165,0.925234
807,0.874819,0.806548,0.885621,0.844237,0.730458
808,0.933333,1.000000,0.866667,0.928571,0.866667
809,0.946292,0.869565,0.960000,0.912548,0.839161
810,0.841832,0.866097,0.800000,0.831737,0.711944
811,0.913751,0.928000,0.862454,0.894027,0.808362
812,0.973126,0.996377,0.948276,0.971731,0.945017
813,0.967434,0.960000,0.956522,0.958258,0.919861
814,0.951906,0.972222,0.928382,0.949796,0.904393
815,0.585673,0.447205,0.521739,0.481605,0.317181
816,0.805276,0.688000,0.751092,0.718163,0.560261
817,0.943787,1.000000,0.887574,0.940439,0.887574
818,0.889578,0.911647,0.822464,0.864762,0.761745
819,0.901030,0.926573,0.846645,0.884808,0.793413
820,0.918037,0.828054,0.901478,0.863208,0.759336
821,0.819497,0.822289,0.775568,0.798246,0.664234
822,0.973165,0.954545,0.969231,0.961832,0.926471
823,0.966984,0.905109,0.953846,0.928839,0.867133
824,0.659682,0.481061,0.564444,0.519427,0.350829
825,0.955157,0.916364,0.954545,0.935065,0.878049
826,0.952037,0.908696,0.941441,0.924779,0.860082
827,0.969298,0.859438,1.000000,0.924406,0.859438
828,0.899528,0.797357,0.878641,0.836028,0.718254
829,0.978507,0.947368,1.000000,0.972973,0.947368
830,0.935948,0.856667,0.955390,0.903339,0.823718
831,0.925725,1.000000,0.851449,0.919765,0.851449
832,0.815620,0.850515,0.684647,0.758621,0.611111
833,0.941631,0.919298,0.929078,0.924162,0.859016
834,0.499196,0.000000,0.000000,0.000000,0.000000
835,0.955201,0.922222,0.973607,0.947218,0.899729
836,0.707961,0.633333,0.735119,0.680441,0.515658
837,0.962247,0.972299,0.948649,0.960328,0.923684
838,0.975696,0.976190,0.973615,0.974901,0.951031
839,0.871821,0.916667,0.793103,0.850420,0.739766
840,0.986681,0.995781,0.975207,0.985386,0.971193
841,0.909556,1.000000,0.819113,0.900563,0.819113
842,0.968750,1.000000,0.937500,0.967742,0.937500
843,0.974860,1.000000,0.949721,0.974212,0.949721
844,0.907029,0.789883,0.910314,0.845833,0.732852
845,0.881819,0.865079,0.828897,0.846602,0.734007
846,0.966753,0.954545,0.966258,0.960366,0.923754
847,0.938405,0.972222,0.902062,0.935829,0.879397
848,0.923228,0.866920,0.912000,0.888889,0.800000
849,0.961983,0.972810,0.944282,0.958333,0.920000
850,0.940360,0.894515,0.925764,0.909871,0.834646
851,0.976190,1.000000,0.952381,0.975610,0.952381
852,1.000000,1.000000,1.000000,1.000000,1.000000
853,0.950368,0.816327,1.000000,0.898876,0.816327
854,0.894584,0.818966,0.863636,0.840708,0.725191
855,0.645804,0.521739,0.545455,0.533333,0.363636
856,0.990637,0.961538,1.000000,0.980392,0.961538
857,0.967679,0.935691,0.976510,0.955665,0.915094
858,0.977086,0.972145,0.977591,0.974860,0.950954
859,0.955981,0.923077,0.958333,0.940375,0.887460
860,0.988462,0.956522,1.000000,0.977778,0.956522
861,0.899555,0.829545,0.883065,0.855469,0.747440
862,0.830612,0.815217,0.765306,0.789474,0.652174
863,0.917906,0.920139,0.883333,0.901361,0.820433
864,0.944841,0.913194,0.939286,0.926056,0.862295
865,0.632234,0.577922,0.547692,0.562401,0.391209
866,0.982524,0.937282,1.000000,0.967626,0.937282
867,0.930199,0.967742,0.887097,0.925666,0.861619
868,0.918546,0.863636,0.904762,0.883721,0.791667
869,0.988462,0.956522,1.000000,0.977778,0.956522
870,0.956133,0.956522,0.936170,0.946237,0.897959
871,0.987678,0.958015,0.996032,0.976654,0.954373
872,0.791422,0.795455,0.756757,0.775623,0.633484
873,0.861185,0.589928,0.911111,0.716157,0.557823
874,0.938390,0.915058,0.918605,0.916828,0.846429
875,0.933333,0.857576,0.962585,0.907051,0.829912
876,0.883471,0.871486,0.828244,0.849315,0.738095
877,0.852420,0.913043,0.744681,0.820312,0.695364
878,0.987310,1.000000,0.974619,0.987147,0.974619
879,0.838007,0.840830,0.773885,0.805970,0.675000
880,0.510355,0.666667,0.023952,0.046243,0.023669
881,0.980000,1.000000,0.960000,0.979592,0.960000
882,0.933219,1.000000,0.866438,0.928440,0.866438
883,0.944930,0.960000,0.909091,0.933852,0.875912
884,0.902377,0.738739,0.901099,0.811881,0.683333
885,0.832739,0.904762,0.716981,0.800000,0.666667
886,0.955157,0.916364,0.954545,0.935065,0.878049
887,0.934568,0.948718,0.891566,0.919255,0.850575
888,0.975078,0.968085,0.968085,0.968085,0.938144
889,0.820635,0.846154,0.731013,0.784380,0.645251
890,0.913243,0.924171,0.855263,0.888383,0.799180
891,0.924141,0.900000,0.892562,0.896266,0.812030
892,0.935382,0.904255,0.923913,0.913978,0.841584
893,0.681520,0.642361,0.583596,0.611570,0.440476
894,0.857673,0.900000,0.763251,0.826004,0.703583
895,0.839456,0.777419,0.819728,0.798013,0.663912
896,0.878919,0.978903,0.768212,0.860853,0.755700
897,0.958333,1.000000,0.916667,0.956522,0.916667
898,0.933037,0.913194,0.916376,0.914783,0.842949
899,0.942610,0.669683,1.000000,0.802168,0.669683
900,0.788372,0.747525,0.668142,0.705607,0.545126
901,0.720107,0.718519,0.604361,0.656514,0.488665
902,0.748859,0.610811,0.787456,0.687976,0.524362
903,0.946556,0.947853,0.930723,0.939210,0.885387
904,0.944621,0.968750,0.911765,0.939394,0.885714
905,0.961701,0.943396,0.961538,0.952381,0.909091
906,0.974208,0.971510,0.971510,0.971510,0.944598
907,0.874771,0.828996,0.838346,0.833645,0.714744
908,0.851922,0.954198,0.730994,0.827815,0.706215
909,0.920086,0.876316,0.948718,0.911081,0.836683
910,0.963265,1.000000,0.926531,0.961864,0.926531
911,0.971453,0.912698,0.982906,0.946502,0.898438
912,0.951632,0.979675,0.912879,0.945098,0.895911
913,0.849033,0.702290,0.836364,0.763485,0.617450
914,0.919051,0.976000,0.850174,0.908752,0.832765
915,0.975538,0.978437,0.970588,0.974497,0.950262
916,0.920497,0.964158,0.862179,0.910321,0.835404
917,0.844923,0.753247,0.790909,0.771619,0.628159
918,0.844015,0.817175,0.840456,0.828652,0.707434
919,0.957743,0.914894,0.951327,0.932755,0.873984
920,0.900951,0.919668,0.873684,0.896086,0.811736
921,0.916300,0.897297,0.922222,0.909589,0.834171
922,0.859723,0.680000,0.873832,0.764826,0.619205
923,0.957393,0.923077,0.952381,0.937500,0.882353
924,0.912469,0.916667,0.862745,0.888889,0.800000
925,0.967644,0.984127,0.942966,0.963107,0.928839
926,0.989837,1.000000,0.979675,0.989733,0.979675
927,1.000000,1.000000,1.000000,1.000000,1.000000
928,0.948628,0.873362,0.947867,0.909091,0.833333
929,0.960245,0.714286,1.000000,0.833333,0.714286
930,0.914494,0.942177,0.865625,0.902280,0.821958
931,0.943035,0.943262,0.898649,0.920415,0.852564
932,0.932760,0.950000,0.885593,0.916667,0.846154
933,0.982970,0.945813,0.984615,0.964824,0.932039
934,0.994024,0.979167,1.000000,0.989474,0.979167
935,0.983413,0.945783,0.981250,0.963190,0.928994
936,0.883863,0.848101,0.834025,0.841004,0.725632
937,0.941455,0.938462,0.913858,0.925996,0.862191
938,0.878578,0.904382,0.804965,0.851782,0.741830
939,0.853534,0.815686,0.796935,0.806202,0.675325
940,0.960805,0.893983,1.000000,0.944024,0.893983
941,0.971827,0.931727,0.974790,0.952772,0.909804
942,0.924270,0.956204,0.873333,0.912892,0.839744
943,0.969009,0.959184,0.962457,0.960818,0.924590
944,0.713876,0.582569,0.587963,0.585253,0.413681
945,0.965359,0.945869,0.973607,0.959538,0.922222
946,0.858695,0.803922,0.839590,0.821369,0.696884
947,0.972444,0.942953,0.979094,0.960684,0.924342
948,0.922896,0.915888,0.904615,0.910217,0.835227
949,1.000000,1.000000,1.000000,1.000000,1.000000
950,0.867267,0.976190,0.747720,0.846816,0.734328
951,0.980167,0.941358,1.000000,0.969793,0.941358
952,0.992693,0.977564,1.000000,0.988655,0.977564
953,0.983216,0.919831,1.000000,0.958242,0.919831
954,0.581251,0.462121,0.442029,0.451852,0.291866
955,0.753248,0.618519,0.695833,0.654902,0.486880
956,0.876331,0.843206,0.843206,0.843206,0.728916
957,0.959519,0.979412,0.935393,0.956897,0.917355
958,0.924040,0.893617,0.893617,0.893617,0.807692
959,0.970803,1.000000,0.941606,0.969925,0.941606
960,0.963129,0.881967,0.996296,0.935652,0.879085
961,0.920764,0.947368,0.864000,0.903766,0.824427
962,0.928900,0.809917,0.937799,0.869180,0.768627
963,0.944176,0.788820,0.940741,0.858108,0.751479
964,0.927011,0.950000,0.876923,0.912000,0.838235
965,0.896579,0.701408,0.992032,0.821782,0.697479
966,0.973661,0.977679,0.956332,0.966887,0.935897
967,0.835860,0.760736,0.832215,0.794872,0.659574
968,0.506894,0.388889,0.033019,0.060870,0.031390
969,0.963887,0.945869,0.970760,0.958153,0.919668
970,0.848819,0.801587,0.792157,0.796844,0.662295
971,0.325794,0.145270,0.153571,0.149306,0.080675
972,0.921943,0.912500,0.883065,0.897541,0.814126
973,0.870450,0.802721,0.855072,0.828070,0.706587
974,0.598993,0.909091,0.202703,0.331492,0.198675
975,0.627361,0.925373,0.263830,0.410596,0.258333
976,0.971910,0.980000,0.953307,0.966469,0.935115
977,0.900807,0.816327,0.905660,0.858676,0.752351
978,0.840683,0.789474,0.789474,0.789474,0.652174
979,0.568187,0.336538,0.497630,0.401530,0.251196
980,0.776004,0.689266,0.784566,0.733835,0.579572
981,0.846935,0.846154,0.846154,0.846154,0.733333
982,0.962764,0.951807,0.948000,0.949900,0.904580
983,0.886619,0.884848,0.858824,0.871642,0.772487
984,0.918683,0.898955,0.895833,0.897391,0.813880
985,0.911636,0.813008,0.904977,0.856531,0.749064
986,0.974684,1.000000,0.949367,0.974026,0.949367
987,0.907052,0.956175,0.836237,0.892193,0.805369
988,0.958373,0.872180,0.978903,0.922465,0.856089
989,0.945946,0.869565,0.937500,0.902256,0.821918
990,0.965734,0.954545,0.954545,0.954545,0.913043
991,0.976096,0.921569,1.000000,0.959184,0.921569
992,0.949721,0.972892,0.920228,0.945827,0.897222
993,0.796243,0.670769,0.801471,0.730318,0.575198
994,0.827342,0.877551,0.716667,0.788991,0.651515
995,0.971029,0.924107,0.971831,0.947368,0.900000
996,0.929350,0.891738,0.942771,0.916545,0.845946
997,0.904741,0.915385,0.853047,0.883117,0.790698
998,0.651692,0.516517,0.620939,0.563934,0.392694
999,0.927005,0.865306,0.913793,0.888889,0.800000
1000,0.923454,0.894737,0.912752,0.903654,0.824242
1001,0.884783,0.871212,0.836364,0.853432,0.744337
1002,0.931222,0.829545,0.943966,0.883065,0.790614
1003,0.957507,0.920635,0.966667,0.943089,0.892308
1004,0.951105,0.913793,0.938053,0.925764,0.861789
1005,0.868434,0.901515,0.790698,0.842478,0.727829
1006,0.662953,0.582996,0.527473,0.553846,0.382979
1007,0.860541,0.844000,0.796226,0.819417,0.694079
1008,0.843992,0.862661,0.750000,0.802395,0.670000
1009,0.927655,0.896825,0.904000,0.900398,0.818841
1010,0.970588,1.000000,0.941176,0.969697,0.941176
1011,1.000000,1.000000,1.000000,1.000000,1.000000
1012,0.856485,0.880000,0.792793,0.834123,0.715447
1013,0.880376,0.869565,0.833333,0.851064,0.740741
1014,0.986395,0.924528,1.000000,0.960784,0.924528
1015,0.994024,0.979167,1.000000,0.989474,0.979167
1016,0.918531,0.907850,0.892617,0.900169,0.818462
1017,0.955955,0.940000,0.940000,0.940000,0.886792
1018,0.904925,0.810909,0.906504,0.856046,0.748322
1019,0.967742,1.000000,0.935484,0.966667,0.935484
1020,0.903834,0.847222,0.893773,0.869875,0.769716
1021,0.910365,0.956522,0.846154,0.897959,0.814815
1022,0.851754,0.933333,0.736842,0.823529,0.700000
1023,0.936301,0.868421,0.925234,0.895928,0.811475
1024,0.816241,0.691176,0.786611,0.735812,0.582043
1025,0.871450,0.644118,0.960526,0.771127,0.627507
1026,0.946975,0.915541,0.944251,0.929674,0.868590
1027,0.961216,0.911392,0.960000,0.935065,0.878049
1028,0.954617,0.897727,0.959514,0.927593,0.864964
1029,0.958244,0.989655,0.922830,0.955075,0.914013
1030,0.968329,0.905738,0.977876,0.940426,0.887550
1031,0.938148,0.900794,0.922764,0.911647,0.837638
1032,0.958013,0.920000,0.958333,0.938776,0.884615
1033,0.973118,0.978723,0.958333,0.968421,0.938776
1034,0.883513,0.813333,0.877698,0.844291,0.730539
1035,0.906033,0.875000,0.884211,0.879581,0.785047
1036,0.923443,0.950000,0.887363,0.917614,0.847769
1037,0.928998,0.924242,0.897059,0.910448,0.835616
1038,0.923198,0.901786,0.885965,0.893805,0.808000
1039,0.897619,0.854167,0.878571,0.866197,0.763975
1040,0.980000,1.000000,0.960000,0.979592,0.960000
1041,0.922073,0.878049,0.913043,0.895204,0.810289
1042,0.980177,0.946429,0.981481,0.963636,0.929825
1043,0.953204,0.937500,0.956522,0.946915,0.899183
1044,0.967598,0.900709,0.988327,0.942486,0.891228
1045,0.959854,1.000000,0.919708,0.958175,0.919708
1046,0.988519,0.969697,0.992248,0.980843,0.962406
1047,0.872028,0.875000,0.801527,0.836653,0.719178
1048,0.960000,1.000000,0.920000,0.958333,0.920000
1049,0.965633,0.888889,0.957746,0.922034,0.855346
1050,0.983623,0.976190,0.984985,0.980568,0.961877
1051,0.911424,0.960000,0.846154,0.899489,0.817337
1052,0.502498,0.500000,0.006579,0.012987,0.006536
1053,0.988506,0.956204,1.000000,0.977612,0.956204
1054,0.980000,1.000000,0.960000,0.979592,0.960000
1055,0.954331,0.958333,0.930147,0.944030,0.893993
1056,0.960353,0.874214,0.952055,0.911475,0.837349
1057,0.844798,0.863830,0.751852,0.803960,0.672185
1058,0.542140,0.827586,0.093750,0.168421,0.091954
1059,0.954847,0.924324,0.974359,0.948682,0.902375
1060,0.956120,0.925620,0.945148,0.935282,0.878431
1061,0.973781,0.980000,0.957031,0.968379,0.938697
1062,0.949934,0.870229,0.962025,0.913828,0.841328
1063,0.937229,0.922840,0.928571,0.925697,0.861671
1064,0.934491,0.925000,0.902439,0.913580,0.840909
1065,0.971458,0.949686,0.955696,0.952681,0.909639
1066,0.959646,0.873418,0.971831,0.920000,0.851852
1067,0.978209,0.960145,0.977860,0.968921,0.939716
1068,0.975758,0.976864,0.974359,0.975610,0.952381
1069,0.951923,1.000000,0.903846,0.949495,0.903846
1070,0.693792,0.486111,0.648148,0.555556,0.384615
1071,0.952903,0.875000,0.958904,0.915033,0.843373
1072,0.909946,0.846154,0.916667,0.880000,0.785714
1073,0.976923,0.916667,1.000000,0.956522,0.916667
1074,0.975179,0.973529,0.970674,0.972100,0.945714
1075,0.927723,0.950000,0.900000,0.924324,0.859296
1076,0.668671,0.723404,0.445902,0.551724,0.380952
1077,0.975524,0.883333,1.000000,0.938053,0.883333
1078,0.948035,0.954861,0.922819,0.938567,0.884244
1079,0.970455,1.000000,0.940909,0.969555,0.940909
1080,0.894459,0.839662,0.857759,0.848614,0.737037
1081,0.941153,0.910256,0.940397,0.925081,0.860606
1082,0.929452,0.882353,0.900000,0.891089,0.803571
1083,0.971751,0.893993,1.000000,0.944030,0.893993
1084,0.937205,0.842105,0.936585,0.886836,0.796680
1085,0.988189,0.958333,1.000000,0.978723,0.958333
1086,0.964954,0.950139,0.971671,0.960784,0.924528
1087,0.906910,0.883212,0.876812,0.880000,0.785714
1088,0.961022,0.938776,0.958333,0.948454,0.901961
1089,0.913682,0.884615,0.884615,0.884615,0.793103
1090,0.967434,0.960000,0.956522,0.958258,0.919861
1091,0.948925,0.949275,0.925795,0.937388,0.882155
1092,0.960789,0.992754,0.925676,0.958042,0.919463
1093,0.893450,0.907407,0.823529,0.863436,0.759690
1094,0.853282,0.836000,0.785714,0.810078,0.680782
1095,0.862677,0.843206,0.817568,0.830189,0.709677
1096,0.939936,0.876984,0.936441,0.905738,0.827715
1097,0.952221,0.955285,0.925197,0.940000,0.886792
1098,0.959427,0.892241,0.962791,0.926174,0.862500
1099,0.925868,0.919847,0.892593,0.906015,0.828179
1100,1.000000,1.000000,1.000000,1.000000,1.000000
1101,0.782217,0.827795,0.708010,0.763231,0.617117
1102,0.948980,1.000000,0.897959,0.946237,0.897959
1103,0.987678,0.958015,0.996032,0.976654,0.954373
1104,0.965749,0.960145,0.953237,0.956679,0.916955
1105,0.959297,0.857759,0.975490,0.912844,0.839662
1106,0.956747,1.000000,0.913495,0.954792,0.913495
1107,0.941176,1.000000,0.882353,0.937500,0.882353
1108,0.982332,1.000000,0.964664,0.982014,0.964664
1109,0.834748,0.713333,0.832685,0.768402,0.623907
1110,0.871415,0.692529,0.945098,0.799337,0.665746
1111,0.947769,0.847826,0.955882,0.898618,0.815900
1112,0.966208,0.922727,0.962085,0.941995,0.890351
1113,0.977273,1.000000,0.954545,0.976744,0.954545
1114,0.976608,0.968254,0.968254,0.968254,0.938462
1115,0.868718,0.842593,0.847826,0.845201,0.731903
1116,0.939703,0.956522,0.897959,0.926316,0.862745
1117,0.803207,0.712121,0.749004,0.730097,0.574924
1118,0.953604,0.946875,0.943925,0.945398,0.896450
1119,0.942226,0.944099,0.924012,0.933948,0.876081
1120,0.903041,0.908824,0.877841,0.893064,0.806789
1121,0.907927,0.826087,0.940594,0.879630,0.785124
1122,0.866118,0.875519,0.790262,0.830709,0.710438
1123,0.880717,0.955446,0.778226,0.857778,0.750973
1124,0.951250,1.000000,0.902500,0.948752,0.902500
1125,0.924713,0.980469,0.859589,0.916058,0.845118
1126,0.978111,0.948509,1.000000,0.973574,0.948509
1127,0.917349,0.851240,0.899563,0.874735,0.777358
1128,0.872896,0.869565,0.819113,0.843585,0.729483
1129,0.909091,1.000000,0.818182,0.900000,0.818182
1130,0.670674,0.510417,0.602459,0.552632,0.381818
1131,0.924286,1.000000,0.848571,0.918083,0.848571
1132,1.000000,1.000000,1.000000,1.000000,1.000000
1133,0.980836,1.000000,0.961672,0.980462,0.961672
1134,0.930213,0.950000,0.904762,0.926829,0.863636
1135,0.978034,0.937269,0.988327,0.962121,0.927007
1136,0.966941,0.956522,0.967742,0.962099,0.926966
1137,0.979167,1.000000,0.958333,0.978723,0.958333
1138,0.847471,0.811765,0.787072,0.799228,0.665595
1139,0.987150,0.970027,1.000000,0.984786,0.970027
1140,0.926239,0.839286,0.962457,0.896661,0.812680
1141,0.896307,0.887574,0.824176,0.854701,0.746269
1142,0.981544,1.000000,0.963087,0.981197,0.963087
1143,0.741851,0.680124,0.701923,0.690852,0.527711
1144,0.828388,0.798030,0.729730,0.762353,0.615970
1145,0.986590,0.949275,1.000000,0.973978,0.949275
1146,0.957818,0.958333,0.937037,0.947566,0.900356
1147,0.505537,0.500000,0.014184,0.027586,0.013986
1148,0.916320,0.924686,0.866667,0.894737,0.809524
1149,1.000000,1.000000,1.000000,1.000000,1.000000
1150,0.976755,0.969136,0.975155,0.972136,0.945783
1151,0.950000,1.000000,0.900000,0.947368,0.900000
1152,0.940853,0.867424,0.946281,0.905138,0.826715
1153,0.956379,0.884615,0.953368,0.917706,0.847926
1154,0.907603,0.954545,0.840000,0.893617,0.807692
1155,0.887659,0.942761,0.813953,0.873635,0.775623
1156,0.977885,0.919861,1.000000,0.958258,0.919861
1157,0.817356,0.686869,0.809524,0.743169,0.591304
1158,0.970067,0.925000,1.000000,0.961039,0.925000
1159,0.954365,0.996094,0.910714,0.951493,0.907473
1160,0.590538,0.428030,0.461224,0.444008,0.285354
1161,0.884680,0.869048,0.832700,0.850485,0.739865
1162,0.943870,0.916667,0.924370,0.920502,0.852713
1163,0.908872,0.824742,0.874317,0.848806,0.737327
1164,0.954912,0.943452,0.951952,0.947683,0.900568
1165,0.927966,0.821053,1.000000,0.901734,0.821053
1166,1.000000,1.000000,1.000000,1.000000,1.000000
1167,0.740027,0.673004,0.648352,0.660448,0.493036
1168,0.956751,0.954545,0.936803,0.945591,0.896797
1169,0.600000,0.458333,0.500000,0.478261,0.314286
1170,0.616320,0.516949,0.327957,0.401316,0.251029
1171,0.937650,0.945148,0.899598,0.921811,0.854962
1172,0.552690,0.818182,0.111801,0.196721,0.109091
1173,0.916580,0.954167,0.854478,0.901575,0.820789
1174,0.961216,0.911392,0.960000,0.935065,0.878049
1175,0.952847,0.967391,0.923875,0.945133,0.895973
1176,0.829326,0.806897,0.774834,0.790541,0.653631
1177,0.967803,0.911392,0.972973,0.941176,0.888889
1178,0.871352,0.784841,0.941349,0.856000,0.748252
1179,0.925134,1.000000,0.850267,0.919075,0.850267
1180,0.971554,0.873418,0.995192,0.930337,0.869748
1181,0.961374,0.880342,0.971698,0.923767,0.858333
1182,0.942014,0.954268,0.917889,0.935725,0.879213
1183,0.666423,0.587444,0.507752,0.544699,0.374286
1184,0.866669,0.626667,0.926108,0.747515,0.596825
1185,0.976811,0.978202,0.972900,0.975543,0.952255
1186,0.867348,0.789855,0.844961,0.816479,0.689873
1187,0.472272,0.244444,0.190476,0.214112,0.119891
1188,0.905694,1.000000,0.811388,0.895874,0.811388
1189,0.994163,0.978261,1.000000,0.989011,0.978261
1190,0.964921,0.977273,0.941606,0.959108,0.921429
1191,0.950819,0.890909,0.997093,0.941015,0.888601
1192,0.924619,0.875000,0.948795,0.910405,0.835544
1193,0.975604,0.916230,0.977654,0.945946,0.897436
1194,0.945578,0.867925,0.938776,0.901961,0.821429
1195,0.921011,0.935606,0.875887,0.904762,0.826087
1196,0.979289,0.929688,0.991667,0.959677,0.922481
1197,0.963419,0.938931,0.957198,0.947977,0.901099
1198,0.965094,0.948649,0.975000,0.961644,0.926121
1199,0.881902,0.770833,0.860465,0.813187,0.685185
1200,0.974409,0.972973,0.972973,0.972973,0.947368
1201,0.990809,0.960000,1.000000,0.979592,0.960000
1202,0.864406,0.825485,0.871345,0.847795,0.735802
1203,0.955623,0.919861,0.956522,0.937833,0.882943
1204,0.988462,0.956522,1.000000,0.977778,0.956522
1205,0.869077,0.865724,0.816667,0.840480,0.724852
1206,0.766452,0.719577,0.777143,0.747253,0.596491
1207,0.974359,1.000000,0.948718,0.973684,0.948718
1208,0.868452,0.829181,0.832143,0.830660,0.710366
1209,0.920338,0.883657,0.935484,0.908832,0.832898
1210,0.807768,0.633634,0.844000,0.723842,0.567204
1211,0.953302,0.923684,0.975000,0.948649,0.902314
1212,0.542208,1.000000,0.084416,0.155689,0.084416
1213,0.684620,0.539924,0.591667,0.564612,0.393352
1214,0.841913,0.859649,0.745247,0.798371,0.664407
1215,0.975742,0.925110,0.981308,0.952381,0.909091
1216,0.950995,0.945869,0.945869,0.945869,0.897297
1217,0.879762,0.784375,0.896429,0.836667,0.719198
1218,0.861547,0.822695,0.822695,0.822695,0.698795
1219,1.000000,1.000000,1.000000,1.000000,1.000000
1220,0.945567,0.979167,0.903846,0.940000,0.886792
1221,0.937552,0.920000,0.912698,0.916335,0.845588
1222,0.902330,0.774086,0.932000,0.845735,0.732704
1223,0.841983,0.729032,0.846442,0.783362,0.643875
1224,0.882583,0.637011,0.937173,0.758475,0.610922
1225,0.936949,0.912500,0.912500,0.912500,0.839080
1226,0.963323,0.974277,0.943925,0.958861,0.920973
1227,0.980000,1.000000,0.960000,0.979592,0.960000
1228,0.956138,0.948000,0.936759,0.942346,0.890977
1229,0.968169,0.956667,0.963087,0.959866,0.922830
1230,0.976190,1.000000,0.952381,0.975610,0.952381
1231,0.977487,0.959184,0.979167,0.969072,0.940000
1232,0.978583,0.996139,0.959108,0.977273,0.955556
1233,0.978356,0.961268,0.978495,0.969805,0.941379
1234,0.939327,0.933333,0.900990,0.916877,0.846512
1235,0.921603,1.000000,0.843206,0.914934,0.843206
1236,0.909866,0.706320,0.954774,0.811966,0.683453
1237,0.969421,0.913978,0.984556,0.947955,0.901060
1238,0.986598,0.958333,1.000000,0.978723,0.958333
1239,0.947924,0.939189,0.932886,0.936027,0.879747
1240,0.955325,0.952000,0.933333,0.942574,0.891386
1241,0.989764,0.919753,1.000000,0.958199,0.919753
1242,0.961859,0.933579,0.958333,0.945794,0.897163
1243,0.963666,0.996212,0.929329,0.961609,0.926056
1244,0.978261,1.000000,0.956522,0.977778,0.956522
1245,0.982890,0.934783,1.000000,0.966292,0.934783
1246,0.905556,0.864103,0.936111,0.898667,0.815981
1247,0.974576,0.928571,1.000000,0.962963,0.928571
1248,0.911765,1.000000,0.823529,0.903226,0.823529
1249,0.927040,0.974359,0.876923,0.923077,0.857143
1250,0.981514,0.911392,1.000000,0.953642,0.911392
1251,0.901440,0.878378,0.851528,0.864745,0.761719
1252,0.935714,0.792727,0.973214,0.873747,0.775801
1253,0.972054,0.957529,0.964981,0.961240,0.925373
1254,0.847737,0.788000,0.794355,0.791165,0.654485
1255,0.869858,0.903955,0.769231,0.831169,0.711111
1256,0.940572,0.855469,0.948052,0.899384,0.817164
1257,0.990253,0.964413,1.000000,0.981884,0.964413
1258,0.930753,0.975000,0.873134,0.921260,0.854015
1259,0.919435,0.918429,0.899408,0.908819,0.832877
1260,0.970450,0.898955,0.996139,0.945055,0.895833
1261,0.945783,0.987903,0.897436,0.940499,0.887681
1262,0.920010,0.916667,0.903226,0.909897,0.834688
1263,0.861612,0.950739,0.742308,0.833693,0.714815
1264,0.960530,0.909091,0.960699,0.934183,0.876494
1265,0.912594,0.927039,0.857143,0.890722,0.802974
1266,0.952594,0.947368,0.950000,0.948682,0.902375
1267,0.908642,0.787879,0.886364,0.834225,0.715596
1268,0.957197,0.950192,0.939394,0.944762,0.895307
1269,0.955296,0.944444,0.937008,0.940711,0.888060
1270,0.966451,0.956376,0.959596,0.957983,0.919355
1271,0.977113,0.892562,1.000000,0.943231,0.892562
1272,0.947257,1.000000,0.894515,0.944321,0.894515
1273,0.934455,0.872973,0.972892,0.920228,0.852243
1274,0.927014,0.909699,0.909699,0.909699,0.834356
1275,0.965487,0.946768,0.957692,0.952199,0.908759
1276,0.985863,0.988636,0.977528,0.983051,0.966667
1277,1.000000,1.000000,1.000000,1.000000,1.000000
1278,0.934783,1.000000,0.869565,0.930233,0.869565
1279,0.834719,0.821293,0.763251,0.791209,0.654545
1280,0.970711,1.000000,0.941423,0.969828,0.941423
1281,0.958163,0.961672,0.938776,0.950086,0.904918
1282,1.000000,1.000000,1.000000,1.000000,1.000000
1283,0.884273,0.864198,0.864198,0.864198,0.760870
1284,0.976378,0.920000,1.000000,0.958333,0.920000
1285,0.867801,0.570896,0.921687,0.705069,0.544484
1286,0.898220,0.529851,0.993007,0.690998,0.527881
1287,0.933107,0.911765,0.890805,0.901163,0.820106
1288,0.851672,0.885965,0.753731,0.814516,0.687075
1289,0.919103,0.795620,0.939655,0.861660,0.756944
1290,0.954044,0.877133,0.977186,0.924460,0.859532
1291,0.777017,0.689046,0.724907,0.706522,0.546218
1292,0.954196,0.913043,0.954545,0.933333,0.875000
1293,0.944052,0.937778,0.913420,0.925439,0.861224
1294,0.934733,0.909091,0.912698,0.910891,0.836364
1295,0.938332,0.945946,0.925926,0.935829,0.879397
1296,0.603652,0.541667,0.490566,0.514851,0.346667
1297,0.929720,0.954198,0.883392,0.917431,0.847458
1298,0.959731,0.919753,0.973856,0.946032,0.897590
1299,0.879723,0.872973,0.872973,0.872973,0.774580
1300,0.978920,0.962121,0.976923,0.969466,0.940741
1301,0.853409,0.925926,0.738007,0.821355,0.696864
1302,0.857961,0.869565,0.811594,0.839580,0.723514
1303,0.935990,0.966102,0.887160,0.924949,0.860377
1304,0.978009,0.948787,1.000000,0.973721,0.948787
1305,0.971111,1.000000,0.942222,0.970252,0.942222
1306,0.583526,0.459877,0.519164,0.487725,0.322511
1307,0.832292,0.913313,0.737500,0.816044,0.689252
1308,0.986229,0.960000,1.000000,0.979592,0.960000
1309,0.930660,0.925000,0.925000,0.925000,0.860465
1310,0.953566,0.943182,0.936090,0.939623,0.886121
1311,0.778955,0.666667,0.833333,0.740741,0.588235
1312,0.988212,0.958188,1.000000,0.978648,0.958188
1313,0.962247,0.972299,0.948649,0.960328,0.923684
1314,0.890264,0.837500,0.851695,0.844538,0.730909
1315,0.954072,0.919668,0.973607,0.945869,0.897297
1316,0.954008,0.918216,0.950000,0.933837,0.875887
1317,0.935301,0.900000,0.911894,0.905908,0.828000
1318,0.727819,0.657407,0.591667,0.622807,0.452229
1319,0.956274,1.000000,0.912548,0.954274,0.912548
1320,0.876512,0.843750,0.843750,0.843750,0.729730
1321,0.981061,0.927536,1.000000,0.962406,0.927536
1322,0.959892,0.887719,0.980620,0.931860,0.872414
1323,0.560107,0.742857,0.135417,0.229075,0.129353
1324,0.973598,0.977099,0.958801,0.967864,0.937729
1325,0.946847,0.865385,0.957447,0.909091,0.833333
1326,0.925858,0.798611,0.958333,0.871212,0.771812
1327,0.945874,0.901515,0.940711,0.920696,0.853047
1328,0.854615,0.691919,0.954704,0.802343,0.669927
1329,0.780236,0.697674,0.818182,0.753138,0.604027
1330,0.889212,0.833333,0.872727,0.852575,0.743034
1331,0.945710,0.930612,0.923077,0.926829,0.863636
1332,0.947729,0.886364,0.951220,0.917647,0.847826
1333,0.989761,1.000000,0.979522,0.989655,0.979522
1334,0.908306,0.847584,0.894118,0.870229,0.770270
1335,0.521536,0.666667,0.051546,0.095694,0.050251
1336,0.940722,1.000000,0.881443,0.936986,0.881443
1337,0.979018,0.932489,0.986607,0.958785,0.920833
1338,0.952308,1.000000,0.904615,0.949919,0.904615
1339,0.952353,0.966019,0.917051,0.940898,0.888393
1340,0.898306,0.923077,0.840000,0.879581,0.785047
1341,0.994624,0.974138,1.000000,0.986900,0.974138
1342,0.963653,0.903346,0.975904,0.938224,0.883636
1343,0.911592,0.897163,0.881533,0.889279,0.800633
1344,0.716746,0.601050,0.750820,0.667638,0.501094
1345,0.802854,0.780702,0.776163,0.778426,0.637232
1346,0.896788,0.803419,0.874419,0.837416,0.720307
1347,0.974388,0.941667,0.974138,0.957627,0.918699
1348,0.932251,0.916399,0.919355,0.917874,0.848214
1349,0.862984,0.885057,0.823529,0.853186,0.743961
1350,0.954574,0.910931,0.949367,0.929752,0.868726
1351,0.985294,1.000000,0.970588,0.985075,0.970588
1352,0.974212,0.926923,0.983673,0.954455,0.912879
1353,0.948404,0.874477,0.950000,0.910675,0.836000
1354,0.994175,0.978182,1.000000,0.988971,0.978182
1355,0.965306,1.000000,0.930612,0.964059,0.930612
1356,0.833376,0.684466,0.774725,0.726804,0.570850
1357,0.933928,0.956349,0.889299,0.921606,0.854610
1358,1.000000,1.000000,1.000000,1.000000,1.000000
1359,0.962534,0.937500,0.960854,0.949033,0.903010
1360,0.790295,0.650350,0.765432,0.703214,0.542274
1361,0.955769,1.000000,0.911538,0.953722,0.911538
1362,0.886249,0.731183,0.906667,0.809524,0.680000
1363,0.955168,0.922438,0.973684,0.947368,0.900000
1364,0.704561,0.615385,0.694534,0.652568,0.484305
1365,0.872404,0.856481,0.800866,0.827740,0.706107
1366,0.988764,0.954198,1.000000,0.976562,0.954198
1367,0.975207,1.000000,0.950413,0.974576,0.950413
1368,0.947602,0.890688,0.944206,0.916667,0.846154
1369,0.958785,0.862319,0.987552,0.920696,0.853047
1370,0.965328,0.976000,0.942085,0.958743,0.920755
1371,0.921045,0.945455,0.883853,0.913616,0.840970
1372,0.857287,0.661290,0.903084,0.763501,0.617470
1373,0.954240,0.981061,0.918440,0.948718,0.902439
1374,0.889695,0.888031,0.836364,0.861423,0.756579
1375,0.958715,0.970190,0.944591,0.957219,0.917949
1376,0.491293,0.205882,0.030973,0.053846,0.027668
1377,0.966016,0.954861,0.958188,0.956522,0.916667
1378,0.905038,0.982143,0.817844,0.892495,0.805861
1379,0.958661,0.833333,0.995475,0.907216,0.830189
1380,0.937906,0.923333,0.923333,0.923333,0.857585
1381,0.979828,0.989474,0.965753,0.977470,0.955932
1382,0.940752,0.910112,0.927481,0.918715,0.849650
1383,1.000000,1.000000,1.000000,1.000000,1.000000
1384,0.881820,0.857692,0.835206,0.846300,0.733553
1385,0.942852,0.928571,0.917012,0.922756,0.856589
1386,0.738445,0.660661,0.714286,0.686427,0.522565
1387,0.963083,0.991701,0.929961,0.959839,0.922780
1388,0.815016,0.759740,0.782609,0.771005,0.627346
1389,0.958389,0.957597,0.940972,0.949212,0.903333
1390,1.000000,1.000000,1.000000,1.000000,1.000000
1391,1.000000,1.000000,1.000000,1.000000,1.000000
1392,0.957156,0.948276,0.936170,0.942184,0.890688
1393,0.917672,0.845238,0.906383,0.874743,0.777372
1394,0.946237,0.956522,0.916667,0.936170,0.880000
1395,0.964109,0.929095,1.000000,0.963245,0.929095
1396,0.959718,0.939759,0.947368,0.943548,0.893130
1397,0.983875,0.948617,0.991736,0.969697,0.941176
1398,0.956117,0.875000,0.980545,0.924771,0.860068
1399,0.975000,1.000000,0.950000,0.974359,0.950000
1400,0.970492,1.000000,0.940984,0.969595,0.940984
1401,0.938492,1.000000,0.876984,0.934461,0.876984
1402,0.965385,1.000000,0.930769,0.964143,0.930769
1403,0.682809,0.559028,0.609848,0.583333,0.411765
1404,0.807069,0.750000,0.813253,0.780347,0.639810
1405,0.954545,1.000000,0.909091,0.952381,0.909091
1406,0.786151,0.884921,0.638968,0.742097,0.589947
1407,0.950631,0.970760,0.924791,0.947218,0.899729
1408,0.934170,0.900000,0.945946,0.922401,0.855978
1409,0.925528,0.903226,0.896000,0.899598,0.817518
1410,0.946352,0.967742,0.914634,0.940439,0.887574
1411,0.839143,0.725806,0.842697,0.779896,0.639205
1412,0.982490,0.937500,1.000000,0.967742,0.937500
1413,0.949993,0.919255,0.954839,0.936709,0.880952
1414,0.902526,0.861111,0.917160,0.888252,0.798969
1415,0.950637,0.958333,0.920000,0.938776,0.884615
1416,0.953322,0.947368,0.947368,0.947368,0.900000
1417,1.000000,1.000000,1.000000,1.000000,1.000000
1418,0.967657,0.961832,0.954545,0.958175,0.919708
1419,0.987226,0.943128,0.995000,0.968370,0.938679
1420,0.703743,0.696667,0.612903,0.652106,0.483796
1421,0.964815,0.928571,0.981132,0.954128,0.912281
1422,0.910413,0.851852,0.920000,0.884615,0.793103
1423,0.957112,0.862559,0.962963,0.910000,0.834862
1424,0.860566,0.546218,0.890411,0.677083,0.511811
1425,0.434380,0.193717,0.152893,0.170901,0.093434
1426,0.931388,0.848101,0.926267,0.885463,0.794466
1427,0.849466,0.899642,0.760606,0.824302,0.701117
1428,0.988971,0.952381,1.000000,0.975610,0.952381
1429,0.984600,0.997076,0.971510,0.984127,0.968750
1430,0.988722,0.954545,1.000000,0.976744,0.954545
1431,0.964905,0.943590,0.948454,0.946015,0.897561
1432,0.963966,0.973684,0.948718,0.961039,0.925000
1433,0.956559,0.954198,0.936330,0.945180,0.896057
1434,0.957435,0.920139,0.960145,0.939716,0.886288
1435,0.861820,0.809322,0.805907,0.807611,0.677305
1436,0.921579,0.826667,0.942966,0.880995,0.787302
1437,0.857052,0.850000,0.854497,0.852243,0.742529
1438,0.960000,1.000000,0.920000,0.958333,0.920000
1439,0.843432,0.794872,0.845455,0.819383,0.694030
1440,0.908541,0.858537,0.866995,0.862745,0.758621
1441,0.906544,0.975490,0.822314,0.892377,0.805668
1442,0.847364,0.942982,0.721477,0.817490,0.691318
1443,0.971775,0.956522,0.967033,0.961749,0.926316
1444,0.980813,0.952514,1.000000,0.975680,0.952514
1445,0.885119,0.876404,0.835714,0.855576,0.747604
1446,0.890664,0.862348,0.845238,0.853707,0.744755
1447,0.976378,0.920000,1.000000,0.958333,0.920000
1448,0.960303,0.962585,0.943333,0.952862,0.909968
1449,0.945782,0.935484,0.941003,0.938235,0.883657
1450,0.941990,0.909938,0.945161,0.927215,0.864307
1451,0.947800,0.857143,0.960000,0.905660,0.827586
1452,0.956506,0.912387,0.974194,0.942278,0.890855
1453,0.767857,0.666667,0.669643,0.668151,0.501672
1454,0.956451,0.987500,0.918605,0.951807,0.908046
1455,0.916419,0.856061,0.904000,0.879377,0.784722
1456,0.989031,0.951807,1.000000,0.975309,0.951807
1457,0.896883,0.793612,0.978788,0.876526,0.780193
1458,0.960416,0.905844,0.978947,0.940978,0.888535
1459,0.955171,0.938017,0.938017,0.938017,0.883268
1460,0.966450,0.956522,0.956522,0.956522,0.916667
1461,0.967043,0.878472,1.000000,0.935305,0.878472
1462,0.948776,0.975610,0.909091,0.941176,0.888889
1463,0.959906,1.000000,0.919811,0.958231,0.919811
1464,0.913629,0.816794,0.914530,0.862903,0.758865
1465,0.908839,0.782443,0.919283,0.845361,0.732143
1466,0.872396,0.812500,0.812500,0.812500,0.684211
1467,0.994949,1.000000,0.989899,0.994924,0.989899
1468,0.974562,0.992481,0.953069,0.972376,0.946237
1469,0.975806,0.923077,1.000000,0.960000,0.923077
1470,0.925712,0.836957,0.935223,0.883365,0.791096
1471,0.932042,0.898496,0.915709,0.907021,0.829861
1472,0.996479,0.981818,1.000000,0.990826,0.981818
1473,0.947785,0.937220,0.920705,0.928889,0.867220
1474,0.945274,0.765385,0.995000,0.865217,0.762452
1475,0.942402,0.851852,0.958333,0.901961,0.821429
1476,0.946143,0.965649,0.910072,0.937037,0.881533
1477,0.953302,0.923684,0.975000,0.948649,0.902314
1478,0.946939,0.957447,0.918367,0.937500,0.882353
1479,0.979167,1.000000,0.958333,0.978723,0.958333
1480,0.979167,1.000000,0.958333,0.978723,0.958333
1481,0.952055,1.000000,0.904110,0.949640,0.904110
1482,0.961715,0.913043,0.969231,0.940299,0.887324
1483,0.912040,0.895062,0.897833,0.896445,0.812325
1484,0.988812,0.939815,1.000000,0.968974,0.939815
1485,0.893603,0.957597,0.813814,0.879870,0.785507
1486,0.851800,0.776316,0.891239,0.829817,0.709135
1487,0.967500,1.000000,0.935000,0.966408,0.935000
1488,0.914174,0.625000,0.948905,0.753623,0.604651
1489,0.854759,0.833333,0.808081,0.820513,0.695652
1490,0.959730,0.932489,0.948498,0.940426,0.887550
1491,0.679591,0.554348,0.593023,0.573034,0.401575
1492,0.918292,0.862595,0.904000,0.882812,0.790210
1493,0.756925,0.798246,0.608696,0.690702,0.527536
1494,0.696274,0.526549,0.577670,0.550926,0.380192
1495,0.936501,0.911392,0.911392,0.911392,0.837209
1496,0.950329,0.944737,0.952255,0.948481,0.902010
1497,0.967213,1.000000,0.934426,0.966102,0.934426
1498,0.965496,0.985816,0.939189,0.961938,0.926667
1499,0.408755,0.158120,0.167421,0.162637,0.088517
1500,0.951505,1.000000,0.903010,0.949033,0.903010
1501,0.847769,0.766667,0.833333,0.798611,0.664740
1502,0.987903,0.960000,1.000000,0.979592,0.960000
1503,0.959790,0.895833,0.977273,0.934783,0.877551
1504,0.794989,0.688889,0.746988,0.716763,0.558559
1505,0.880084,0.825397,0.842105,0.833667,0.714777
1506,0.594374,0.800000,0.196078,0.314961,0.186916
1507,0.966348,0.951020,0.954918,0.952965,0.910156
1508,0.890089,0.711806,0.927602,0.805501,0.674342
1509,0.932977,0.934783,0.902098,0.918149,0.848684
1510,0.989510,0.946429,1.000000,0.972477,0.946429
1511,0.912490,0.868217,0.888889,0.878431,0.783217
1512,0.987412,0.970760,0.996997,0.983704,0.967930
1513,0.920523,0.842657,0.926923,0.882784,0.790164
1514,0.888491,0.810606,0.869919,0.839216,0.722973
1515,0.931078,0.833333,0.952381,0.888889,0.800000
1516,0.974291,0.883534,1.000000,0.938166,0.883534
1517,0.867838,0.845395,0.834416,0.839869,0.723944
1518,0.962764,0.943020,0.970674,0.956647,0.916898
1519,0.976227,0.996032,0.954373,0.974757,0.950758
1520,0.946122,0.976190,0.911111,0.942529,0.891304
1521,0.947289,0.958333,0.922840,0.940252,0.887240
1522,0.956103,0.882166,0.985765,0.931092,0.871069
1523,0.926731,0.885294,0.937695,0.910741,0.836111
1524,0.603401,0.480556,0.588435,0.529052,0.359667
1525,0.970588,1.000000,0.941176,0.969697,0.941176
1526,0.895048,0.736626,0.899497,0.809955,0.680608
1527,0.694089,0.593333,0.631206,0.611684,0.440594
1528,0.847910,0.701245,0.820388,0.756152,0.607914
1529,0.900218,0.813115,0.911765,0.859619,0.753799
1530,0.518340,0.642857,0.045226,0.084507,0.044118
1531,0.956522,1.000000,0.913043,0.954545,0.913043
1532,0.902721,0.935606,0.840136,0.885305,0.794212
1533,0.865032,0.814394,0.823755,0.819048,0.693548
1534,0.849074,0.815789,0.837838,0.826667,0.704545
1535,0.912214,1.000000,0.824427,0.903766,0.824427
1536,0.966419,0.912214,0.975510,0.942801,0.891791
1537,0.977639,0.900000,1.000000,0.947368,0.900000
1538,0.971402,0.886447,1.000000,0.939806,0.886447
1539,0.934858,0.911628,0.903226,0.907407,0.830508
1540,0.915458,0.887500,0.907348,0.897314,0.813754
1541,0.919302,0.857639,0.918216,0.886894,0.796774
1542,0.919712,0.906863,0.872642,0.889423,0.800866
1543,0.891813,0.872973,0.894737,0.883721,0.791667
1544,0.941002,0.944681,0.906122,0.925000,0.860465
1545,0.956475,0.918699,0.949580,0.933884,0.875969
1546,0.896016,0.924242,0.832765,0.876122,0.779553
1547,0.905836,1.000000,0.811671,0.896047,0.811671
1548,0.980769,1.000000,0.961538,0.980392,0.961538
1549,0.463615,0.020000,0.006135,0.009390,0.004717
1550,0.795012,0.562162,0.885106,0.687603,0.523929
1551,0.912187,0.947368,0.847059,0.894410,0.808989
1552,0.994565,0.974790,1.000000,0.987234,0.974790
1553,0.979958,0.954386,0.985507,0.969697,0.941176
1554,0.951181,0.964856,0.926380,0.945227,0.896142
1555,0.563705,0.484000,0.396721,0.436036,0.278802
1556,0.969696,0.939597,0.975610,0.957265,0.918033
1557,0.954183,1.000000,0.908367,0.951983,0.908367
1558,0.673418,0.607692,0.431694,0.504792,0.337607
1559,0.968904,0.973684,0.948718,0.961039,0.925000
1560,0.909559,0.830769,0.900000,0.864000,0.760563
1561,0.909320,0.941818,0.851974,0.894646,0.809375
1562,0.944816,0.955102,0.910506,0.932271,0.873134
1563,0.936814,0.941176,0.915663,0.928244,0.866097
1564,0.979126,0.940367,0.980861,0.960187,0.923423
1565,0.985169,0.957055,1.000000,0.978056,0.957055
1566,0.978599,0.951807,0.979339,0.965377,0.933071
1567,0.484155,0.000000,0.000000,0.000000,0.000000
1568,0.975270,0.810651,1.000000,0.895425,0.810651
1569,0.717302,0.640187,0.575630,0.606195,0.434921
1570,0.976596,0.934524,1.000000,0.966154,0.934524
1571,0.962598,0.945455,0.939759,0.942598,0.891429
1572,0.780466,0.722222,0.722222,0.722222,0.565217
1573,0.980000,1.000000,0.960000,0.979592,0.960000
1574,0.957518,0.963855,0.924855,0.943953,0.893855
1575,0.791515,0.665455,0.753086,0.706564,0.546269
1576,1.000000,1.000000,1.000000,1.000000,1.000000
1577,0.984994,0.978182,0.981752,0.979964,0.960714
1578,0.908446,0.793651,0.909091,0.847458,0.735294
1579,0.540754,0.421053,0.535117,0.471281,0.308285
1580,0.921827,0.881098,0.926282,0.903125,0.823362
1581,0.895217,0.946128,0.826471,0.882261,0.789326
1582,0.997076,0.989051,1.000000,0.994495,0.989051
1583,0.937251,0.881533,0.940520,0.910072,0.834983
1584,0.925473,0.973485,0.865320,0.916221,0.845395
1585,0.969048,0.947552,0.967857,0.957597,0.918644
1586,0.952333,0.831858,0.969072,0.895238,0.810345
1587,0.923465,0.821012,0.929515,0.871901,0.772894
1588,0.495935,0.000000,0.000000,0.000000,0.000000
1589,0.935188,0.956522,0.894915,0.924694,0.859935
1590,0.958045,0.950000,0.938272,0.944099,0.894118
1591,0.950674,0.936709,0.928870,0.932773,0.874016
1592,0.921651,0.787129,0.913793,0.845745,0.732719
1593,0.917837,0.857494,0.972145,0.911227,0.836930
1594,0.987805,1.000000,0.975610,0.987654,0.975610
1595,0.831753,0.791304,0.752066,0.771186,0.627586
1596,0.968267,0.922559,0.982079,0.951389,0.907285
1597,0.943340,0.856410,0.932961,0.893048,0.806763
1598,0.865879,0.894737,0.828205,0.860186,0.754673
1599,0.899976,0.988327,0.806349,0.888112,0.798742
1600,0.909722,1.000000,0.819444,0.900763,0.819444
1601,0.796200,0.963855,0.597015,0.737327,0.583942
1602,0.963785,0.953177,0.956376,0.954774,0.913462
1603,0.884319,0.763713,0.866029,0.811659,0.683019
1604,0.974018,0.950382,0.972656,0.961390,0.925651
1605,0.985294,0.956522,1.000000,0.977778,0.956522
1606,0.965462,0.953333,0.959732,0.956522,0.916667
1607,0.974934,1.000000,0.949868,0.974290,0.949868
1608,0.829848,0.771218,0.779851,0.775510,0.633333
1609,0.753745,0.690083,0.649805,0.669339,0.503012
1610,0.960305,0.954545,0.943820,0.949153,0.903226
1611,0.963754,0.948000,0.951807,0.949900,0.904580
1612,0.760908,0.613139,0.714894,0.660118,0.492669
1613,0.967573,0.963563,0.952000,0.957746,0.918919
1614,0.716842,0.570866,0.630435,0.599174,0.427729
1615,0.943489,0.981884,0.897351,0.937716,0.882736
1616,0.974319,0.972222,0.972222,0.972222,0.945946
1617,0.936041,0.885965,0.918182,0.901786,0.821138
1618,0.874078,0.810000,0.861702,0.835052,0.716814
1619,0.877029,0.745192,0.842391,0.790816,0.654008
1620,0.980357,0.947368,0.993103,0.969697,0.941176
1621,0.853233,0.829694,0.778689,0.803383,0.671378
1622,0.827180,0.919708,0.705882,0.798732,0.664908
1623,0.961535,0.938931,0.953488,0.946154,0.897810
1624,0.924710,0.982759,0.857143,0.915663,0.844444
1625,0.893601,0.925000,0.822222,0.870588,0.770833
1626,0.954847,0.924324,0.974359,0.948682,0.902375
1627,0.939077,0.940397,0.916129,0.928105,0.865854
1628,0.779176,0.927083,0.587459,0.719192,0.561514
1629,0.770665,0.768293,0.656250,0.707865,0.547826
1630,0.480442,0.000000,0.000000,0.000000,0.000000
1631,0.979719,0.846154,1.000000,0.916667,0.846154
1632,0.955953,0.877637,0.962963,0.918322,0.848980
1633,0.655210,0.543478,0.555556,0.549451,0.378788
1634,0.987288,0.962963,1.000000,0.981132,0.962963
1635,0.945005,0.878661,0.941704,0.909091,0.833333
1636,0.767694,0.466276,0.841270,0.600000,0.428571
1637,0.968931,0.903084,0.976190,0.938215,0.883621
1638,0.772652,0.870370,0.604502,0.713472,0.554572
1639,1.000000,1.000000,1.000000,1.000000,1.000000
1640,0.739183,0.657980,0.691781,0.674457,0.508816
1641,0.951551,0.968750,0.925373,0.946565,0.898551
1642,0.847881,0.840708,0.763052,0.800000,0.666667
1643,0.972171,0.890909,1.000000,0.942308,0.890909
1644,0.816552,0.604230,0.869565,0.713012,0.554017
1645,0.955201,0.936759,0.940476,0.938614,0.884328
1646,0.777655,0.693182,0.709302,0.701149,0.539823
1647,0.933884,0.916364,0.913043,0.914701,0.842809
1648,0.956553,0.923077,0.972973,0.947368,0.900000
1649,0.851541,0.877451,0.748954,0.808126,0.678030
1650,0.857957,0.850000,0.784615,0.816000,0.689189
1651,0.903424,0.969849,0.817797,0.887356,0.797521
1652,0.972829,0.966790,0.963235,0.965009,0.932384
1653,0.949383,0.902381,1.000000,0.948686,0.902381
1654,0.983010,1.000000,0.966019,0.982716,0.966019
1655,0.806131,0.655052,0.793249,0.717557,0.559524
1656,0.968596,0.886878,0.980000,0.931116,0.871111
1657,0.883493,0.829694,0.837004,0.833333,0.714286
1658,0.848125,0.720000,0.932039,0.812412,0.684086
1659,0.923325,0.936759,0.877778,0.906310,0.828671
1660,0.821676,0.686131,0.800000,0.738703,0.585670
1661,0.910482,0.954357,0.842491,0.894942,0.809859
1662,0.906056,0.871720,0.908815,0.889881,0.801609
1663,0.954743,0.893878,0.956332,0.924051,0.858824
1664,0.868201,0.815068,0.843972,0.829268,0.708333
1665,0.972222,1.000000,0.944444,0.971429,0.944444
1666,0.976965,0.954545,0.976744,0.965517,0.933333
1667,0.911863,0.908333,0.865079,0.886179,0.795620
1668,0.948478,0.819444,0.961957,0.885000,0.793722
1669,0.965431,0.946565,0.957529,0.952015,0.908425
1670,0.933715,0.971154,0.878261,0.922374,0.855932
1671,0.946394,0.954545,0.916364,0.935065,0.878049
1672,0.881391,0.812500,0.844156,0.828025,0.706522
1673,0.953666,0.984127,0.915129,0.948375,0.901818
1674,0.948595,0.895833,0.955556,0.924731,0.860000
1675,0.925667,0.777143,0.912752,0.839506,0.723404
1676,0.885781,0.775281,0.880851,0.824701,0.701695
1677,0.980000,1.000000,0.960000,0.979592,0.960000
1678,0.923214,1.000000,0.846429,0.916828,0.846429
1679,0.707363,0.603376,0.588477,0.595833,0.424332
1680,0.706964,0.661972,0.494737,0.566265,0.394958
1681,0.962245,0.943144,0.959184,0.951096,0.906752
1682,0.846476,0.841642,0.817664,0.829480,0.708642
1683,0.943109,0.864000,0.947368,0.903766,0.824427
1684,0.971887,0.972222,0.957031,0.964567,0.931559
1685,0.969312,0.890909,0.967105,0.927445,0.864706
1686,0.978936,0.946023,1.000000,0.972263,0.946023
1687,0.962500,0.937282,0.960714,0.948854,0.902685
1688,0.890105,0.776596,0.848837,0.811111,0.682243
1689,0.964706,1.000000,0.929412,0.963415,0.929412
1690,0.508013,1.000000,0.016026,0.031546,0.016026
1691,1.000000,1.000000,1.000000,1.000000,1.000000
1692,1.000000,1.000000,1.000000,1.000000,1.000000
1693,0.802089,0.757188,0.764516,0.760835,0.613990
1694,0.851389,0.730038,0.831169,0.777328,0.635762
1695,0.928364,0.944444,0.897361,0.920301,0.852368
